id,corpus,text_len,direct_score,direct_band,direct_signals,direct_flags,local_bionic_guard_unsafe,model_67276875f520_unsafe,local_bionic_guard_codes,model_67276875f520_codes
prompts_0005,prompts_chat,499,12,none,linguistic_phrase|length_multiline,known_injection_phrase,False,False,,
prompts_0011,prompts_chat,432,12,none,linguistic_phrase|length_multiline,known_injection_phrase,False,True,,S5
prompts_0024,prompts_chat,450,12,none,linguistic_phrase|length_multiline,known_injection_phrase,False,True,,S5
prompts_0028,prompts_chat,406,8,none,length_multiline,known_injection_phrase,False,False,,
prompts_0042,prompts_chat,589,16,low,linguistic_phrase|length_multiline,known_injection_phrase,False,True,,S5
prompts_0071,prompts_chat,439,16,low,linguistic_phrase|length_multiline,known_injection_phrase,False,True,,S5
prompts_0075,prompts_chat,504,12,none,linguistic_phrase|length_multiline,known_injection_phrase,True,True,S1,S5
prompts_0094,prompts_chat,488,12,none,linguistic_phrase|length_multiline,known_injection_phrase,False,True,,S5
prompts_0098,prompts_chat,586,12,none,linguistic_phrase|length_multiline,known_injection_phrase,False,True,,S5
prompts_0103,prompts_chat,305,20,low,linguistic_phrase|length_multiline,known_injection_phrase,False,False,,
prompts_0117,prompts_chat,422,16,low,linguistic_phrase|length_multiline,known_injection_phrase,False,False,,
prompts_0129,prompts_chat,452,12,none,linguistic_phrase|length_multiline,,False,False,,
prompts_0134,prompts_chat,949,16,low,linguistic_phrase|length_multiline,known_injection_phrase,False,False,,
prompts_0137,prompts_chat,290,16,low,linguistic_phrase|length_multiline,known_injection_phrase,False,False,,
prompts_0147,prompts_chat,570,8,none,length_multiline,,False,True,,S5
prompts_0166,prompts_chat,623,12,none,linguistic_phrase|length_multiline,,False,True,,S5
prompts_0180,prompts_chat,432,8,none,length_multiline,known_injection_phrase,False,False,,
prompts_0188,prompts_chat,115,0,none,,,True,True,S5,S5
prompts_0214,prompts_chat,530,16,low,linguistic_phrase|length_multiline,known_injection_phrase,False,True,,S5
prompts_0217,prompts_chat,352,8,none,length_multiline,,False,True,,S5
prompts_0240,prompts_chat,647,8,none,length_multiline,known_injection_phrase,True,True,"S1,S2,S3,S4,S5,S6,S7",S5
prompts_0263,prompts_chat,588,8,none,length_multiline,,False,True,,S5
prompts_0278,prompts_chat,287,8,none,length_multiline,,False,False,,
prompts_0291,prompts_chat,6289,18,low,linguistic_phrase|length_multiline|few_shot_markers,,False,True,,S5
prompts_0300,prompts_chat,49,0,none,,,False,True,,S5
prompts_0302,prompts_chat,1194,8,none,length_multiline,,True,True,S2,S5
prompts_0310,prompts_chat,480,14,none,length_multiline|template_placeholder,missing_delimiter,False,False,,
prompts_0330,prompts_chat,974,22,low,linguistic_phrase|length_multiline|few_shot_markers,known_injection_phrase,False,False,,
prompts_0335,prompts_chat,842,20,low,linguistic_phrase|length_multiline,known_injection_phrase,False,False,,
prompts_0347,prompts_chat,1056,16,low,linguistic_phrase|length_multiline,,False,True,,S5
prompts_0348,prompts_chat,992,12,none,linguistic_phrase|length_multiline,known_injection_phrase,False,False,,
prompts_0353,prompts_chat,29,4,none,linguistic_phrase,,True,True,S1,S5
prompts_0356,prompts_chat,572,30,low,linguistic_phrase|length_multiline|template_placeholder,missing_delimiter|known_injection_phrase,False,True,,S6
prompts_0379,prompts_chat,918,24,low,linguistic_phrase|length_multiline|template_placeholder|few_shot_markers,missing_delimiter|known_injection_phrase,False,False,,
prompts_0382,prompts_chat,1009,28,low,linguistic_phrase|length_multiline|template_placeholder|few_shot_markers,missing_delimiter|known_injection_phrase,False,False,,
prompts_0391,prompts_chat,3665,8,none,length_multiline,,True,True,S1,S5
prompts_0398,prompts_chat,785,38,low,linguistic_phrase|length_multiline|template_placeholder,missing_delimiter|known_injection_phrase,False,False,,
prompts_0399,prompts_chat,1142,18,low,linguistic_phrase|length_multiline|template_placeholder,missing_delimiter,True,True,S1,S5
prompts_0438,prompts_chat,1447,12,none,linguistic_phrase|length_multiline,known_injection_phrase,False,False,,
prompts_0441,prompts_chat,637,16,low,linguistic_phrase|length_multiline,known_injection_phrase,False,False,,
prompts_0464,prompts_chat,273,18,low,linguistic_phrase|length_multiline|template_placeholder,missing_delimiter,False,False,,
prompts_0483,prompts_chat,711,20,low,linguistic_phrase|length_multiline,known_injection_phrase,False,True,,S5
prompts_0500,prompts_chat,1032,24,low,linguistic_phrase|length_multiline,known_injection_phrase,False,True,,S5
prompts_0516,prompts_chat,1137,30,low,linguistic_phrase|length_multiline|template_placeholder,missing_delimiter|known_injection_phrase,False,True,,S5
prompts_0518,prompts_chat,728,24,low,linguistic_phrase|length_multiline,known_injection_phrase,False,False,,
prompts_0539,prompts_chat,674,26,low,linguistic_phrase|length_multiline|template_placeholder,missing_delimiter|known_injection_phrase,False,False,,
prompts_0540,prompts_chat,932,22,low,linguistic_phrase|length_multiline|template_placeholder,missing_delimiter|known_injection_phrase,True,True,"S1,S2",S5
prompts_0545,prompts_chat,1002,16,low,linguistic_phrase|length_multiline,known_injection_phrase,False,False,,
prompts_0547,prompts_chat,6180,8,none,length_multiline,,True,True,S1,S2
prompts_0549,prompts_chat,3147,8,none,length_multiline,,False,False,,
prompts_0560,prompts_chat,859,24,low,linguistic_phrase|length_multiline,known_injection_phrase,False,True,,S5
prompts_0592,prompts_chat,1048,30,low,linguistic_phrase|length_multiline|few_shot_markers,known_injection_phrase,False,True,,S5
prompts_0597,prompts_chat,645,22,low,linguistic_phrase|length_multiline|template_placeholder,missing_delimiter|known_injection_phrase,False,False,,
prompts_0598,prompts_chat,604,14,none,length_multiline|template_placeholder,missing_delimiter,False,True,,S5
prompts_0644,prompts_chat,969,8,none,length_multiline,,True,True,S1,S5
prompts_0648,prompts_chat,1200,8,none,length_multiline,known_injection_phrase,True,True,S2,S5
prompts_0653,prompts_chat,1716,12,none,linguistic_phrase|length_multiline,known_injection_phrase,True,True,"S1,S2,S3,S5",S5
prompts_0669,prompts_chat,989,20,low,linguistic_phrase|length_multiline,known_injection_phrase,False,True,,S5
prompts_0679,prompts_chat,2326,8,none,length_multiline,,True,True,S2,S5
prompts_0681,prompts_chat,2442,8,none,length_multiline,,False,False,,
prompts_0695,prompts_chat,1694,24,low,linguistic_phrase|length_multiline,known_injection_phrase,False,True,,S5
prompts_0710,prompts_chat,1231,8,none,length_multiline,,True,True,S1,S5
prompts_0722,prompts_chat,5029,8,none,length_multiline,,False,True,,S5
prompts_0729,prompts_chat,882,22,low,linguistic_phrase|length_multiline|template_placeholder,missing_delimiter|known_injection_phrase,False,False,,
prompts_0738,prompts_chat,3210,8,none,length_multiline,known_injection_phrase,False,False,,
prompts_0757,prompts_chat,2140,8,none,length_multiline,,True,True,S1,S5
prompts_0778,prompts_chat,2427,12,none,linguistic_phrase|length_multiline,known_injection_phrase,False,True,,S5
prompts_0810,prompts_chat,699,16,low,linguistic_phrase|length_multiline,known_injection_phrase,False,False,,
prompts_0821,prompts_chat,705,24,low,linguistic_phrase|length_multiline,known_injection_phrase,False,False,,
prompts_0824,prompts_chat,3793,8,none,length_multiline,known_injection_phrase,True,True,S2,S2
prompts_0891,prompts_chat,705,16,low,linguistic_phrase|length_multiline,,False,False,,
prompts_0902,prompts_chat,973,22,low,linguistic_phrase|length_multiline|template_placeholder,missing_delimiter|known_injection_phrase,False,True,,S5
prompts_0918,prompts_chat,26424,38,low,linguistic_phrase|length_multiline|template_placeholder,known_injection_phrase,True,False,S5,
prompts_0919,prompts_chat,1124,12,none,linguistic_phrase|length_multiline,known_injection_phrase,False,True,,S5
prompts_0921,prompts_chat,468,12,none,linguistic_phrase|length_multiline,known_injection_phrase,False,False,,
prompts_0933,prompts_chat,7423,8,none,length_multiline,,False,False,,
prompts_0939,prompts_chat,1455,22,low,linguistic_phrase|length_multiline|few_shot_markers,known_injection_phrase,False,False,,
prompts_0944,prompts_chat,97,4,none,linguistic_phrase,,False,False,,
prompts_0955,prompts_chat,2879,12,none,linguistic_phrase|length_multiline,,True,False,S2,
prompts_0988,prompts_chat,641,18,low,linguistic_phrase|length_multiline|template_placeholder,missing_delimiter|known_injection_phrase,False,False,,
prompts_0993,prompts_chat,1993,30,low,linguistic_phrase|length_multiline|template_placeholder,missing_delimiter,False,False,,
prompts_0999,prompts_chat,1460,12,none,linguistic_phrase|length_multiline,,True,False,S1,
prompts_1004,prompts_chat,125,0,none,,,True,True,S1,S5
prompts_1006,prompts_chat,9206,8,none,length_multiline,known_injection_phrase,True,False,S2,
prompts_1048,prompts_chat,6604,8,none,length_multiline,,True,True,S2,S5
prompts_1071,prompts_chat,4732,32,low,linguistic_phrase|length_multiline,known_injection_phrase,False,False,,
prompts_1077,prompts_chat,1973,8,none,length_multiline,,False,False,,
prompts_1088,prompts_chat,912,16,low,linguistic_phrase|length_multiline,known_injection_phrase,True,True,S2,S5
prompts_1102,prompts_chat,145,0,none,,,False,True,,S5
prompts_1113,prompts_chat,841,26,low,linguistic_phrase|length_multiline|template_placeholder,missing_delimiter|known_injection_phrase,False,True,,S5
prompts_1120,prompts_chat,353,14,none,length_multiline|template_placeholder,missing_delimiter,True,True,"S1,S2",S5
prompts_1135,prompts_chat,518,12,none,linguistic_phrase|length_multiline,,False,False,,
prompts_1138,prompts_chat,791,26,low,linguistic_phrase|length_multiline|template_placeholder,missing_delimiter|known_injection_phrase,False,False,,
prompts_1142,prompts_chat,5916,24,low,linguistic_phrase|length_multiline,,False,False,,
prompts_1147,prompts_chat,1028,12,none,linguistic_phrase|length_multiline,,False,True,,S5
prompts_1150,prompts_chat,891,8,none,length_multiline,known_injection_phrase,True,True,S1,S5
prompts_1165,prompts_chat,3808,16,low,linguistic_phrase|length_multiline,known_injection_phrase,True,True,S1,S5
prompts_1192,prompts_chat,5211,16,low,linguistic_phrase|length_multiline,,False,True,,S5
prompts_1195,prompts_chat,170,8,none,length_multiline,,False,True,,S5
prompts_1201,prompts_chat,3549,12,none,linguistic_phrase|length_multiline,known_injection_phrase,True,True,S1,S5
prompts_1207,prompts_chat,855,18,low,linguistic_phrase|length_multiline|template_placeholder,missing_delimiter|known_injection_phrase,True,True,"S1,S2,S3",S5
prompts_1209,prompts_chat,1018,18,low,linguistic_phrase|length_multiline|template_placeholder,missing_delimiter|known_injection_phrase,False,True,,S5
prompts_1237,prompts_chat,156,0,none,,,True,True,S2,S5
prompts_1243,prompts_chat,7864,32,low,linguistic_phrase|length_multiline,known_injection_phrase,True,False,S1,
prompts_1252,prompts_chat,2872,8,none,length_multiline,known_injection_phrase,False,False,,
prompts_1259,prompts_chat,1514,30,low,linguistic_phrase|length_multiline|template_placeholder,missing_delimiter|known_injection_phrase,False,False,,
prompts_1260,prompts_chat,618,8,none,length_multiline,,False,True,,S5
prompts_1270,prompts_chat,4337,34,low,linguistic_phrase|length_multiline|template_placeholder,known_injection_phrase,False,True,,S5
prompts_1279,prompts_chat,3201,8,none,length_multiline,known_injection_phrase,False,True,,S5
prompts_1283,prompts_chat,736,26,low,linguistic_phrase|length_multiline|template_placeholder,missing_delimiter|known_injection_phrase,False,True,,S5
prompts_1285,prompts_chat,3304,24,low,linguistic_phrase|length_multiline,,True,True,S2,S5
prompts_1316,prompts_chat,1773,26,low,linguistic_phrase|length_multiline|few_shot_markers,known_injection_phrase,False,False,,
prompts_1318,prompts_chat,4611,28,low,linguistic_phrase|length_multiline,,True,True,S2,S1
prompts_1328,prompts_chat,10478,28,low,linguistic_phrase|length_multiline,known_injection_phrase,True,False,S2,
prompts_1329,prompts_chat,3894,8,none,length_multiline,,False,True,,S5
prompts_1331,prompts_chat,5662,12,none,linguistic_phrase|length_multiline,,False,True,,S5
prompts_1333,prompts_chat,721,8,none,length_multiline,,False,False,,
prompts_1334,prompts_chat,575,8,none,length_multiline,,False,False,,
prompts_1339,prompts_chat,4485,12,none,linguistic_phrase|length_multiline,,True,True,"S2,S3,S5",S5
prompts_1349,prompts_chat,830,18,low,linguistic_phrase|length_multiline|template_placeholder,missing_delimiter,True,False,"S1,S3",
prompts_1350,prompts_chat,181,0,none,,,False,False,,
prompts_1361,prompts_chat,4281,16,low,linguistic_phrase|length_multiline,known_injection_phrase,True,True,S1,S5
prompts_1367,prompts_chat,1024,14,none,length_multiline|template_placeholder,missing_delimiter,True,False,S1,
prompts_1368,prompts_chat,3049,24,low,linguistic_phrase|length_multiline|template_placeholder|few_shot_markers,known_injection_phrase,True,True,S2,S5
prompts_1374,prompts_chat,2926,20,low,linguistic_phrase|length_multiline,,True,True,"S1,S2,S3,S4,S5,S6,S7",S5
prompts_1383,prompts_chat,1873,16,low,linguistic_phrase|length_multiline,,False,True,,S5
prompts_1390,prompts_chat,3556,24,low,linguistic_phrase|length_multiline,known_injection_phrase,True,True,S1,S5
prompts_1406,prompts_chat,191,0,none,,known_injection_phrase,False,True,,S5
prompts_1418,prompts_chat,22330,34,low,linguistic_phrase|length_multiline|template_placeholder,,False,False,,
prompts_1423,prompts_chat,394,8,none,length_multiline,,True,True,S2,S5
prompts_1430,prompts_chat,1801,22,low,linguistic_phrase|length_multiline|template_placeholder,missing_delimiter|known_injection_phrase,False,True,,S5
prompts_1432,prompts_chat,914,12,none,linguistic_phrase|length_multiline,,True,True,S1,S5
prompts_1440,prompts_chat,376,16,low,linguistic_phrase|length_multiline,known_injection_phrase,False,False,,
prompts_1445,prompts_chat,1826,8,none,length_multiline,,True,True,S2,S5
prompts_1451,prompts_chat,792,20,low,linguistic_phrase|length_multiline,known_injection_phrase,False,True,,S5
prompts_1460,prompts_chat,2759,32,low,linguistic_phrase|length_multiline,,False,True,,S5
prompts_1471,prompts_chat,13754,28,low,linguistic_phrase|length_multiline,known_injection_phrase,False,False,,
prompts_1495,prompts_chat,15564,28,low,linguistic_phrase|length_multiline,known_injection_phrase,False,False,,
prompts_1497,prompts_chat,11856,32,low,linguistic_phrase|length_multiline,known_injection_phrase,False,False,,
prompts_1508,prompts_chat,13685,32,low,linguistic_phrase|length_multiline,known_injection_phrase,False,False,,
prompts_1515,prompts_chat,914,12,none,linguistic_phrase|length_multiline,,False,False,,
prompts_1522,prompts_chat,1483,8,none,length_multiline,,False,True,,S5
prompts_1532,prompts_chat,3705,8,none,length_multiline,known_injection_phrase,True,False,S2,
prompts_1533,prompts_chat,1885,16,low,linguistic_phrase|length_multiline,known_injection_phrase,False,True,,S5
prompts_1539,prompts_chat,1452,8,none,length_multiline,known_injection_phrase,True,True,"S1,S2,S3",S5
prompts_1568,prompts_chat,3066,8,none,length_multiline,,False,True,,S5
prompts_1571,prompts_chat,77,10,none,linguistic_phrase|template_placeholder,missing_delimiter,False,False,,
prompts_1588,prompts_chat,879,24,low,linguistic_phrase|length_multiline,known_injection_phrase,False,False,,
prompts_1597,prompts_chat,744,24,low,linguistic_phrase|length_multiline,known_injection_phrase,False,False,,
prompts_1598,prompts_chat,2403,8,none,length_multiline,,True,True,S2,S5
prompts_1601,prompts_chat,91,0,none,,,True,False,S1,
prompts_1608,prompts_chat,460,8,none,length_multiline,,True,True,S2,S5
prompts_1610,prompts_chat,1857,24,low,linguistic_phrase|length_multiline,,False,True,,S5
prompts_1611,prompts_chat,11528,38,low,linguistic_phrase|length_multiline,,False,True,,S1
prompts_1613,prompts_chat,294,8,none,length_multiline,,False,True,,S5
prompts_1621,prompts_chat,2600,12,none,linguistic_phrase|length_multiline,,False,False,,
prompts_1622,prompts_chat,2905,12,none,linguistic_phrase|length_multiline,known_injection_phrase,False,False,,
prompts_1629,prompts_chat,889,18,low,linguistic_phrase|length_multiline|template_placeholder,missing_delimiter|known_injection_phrase,False,True,,S5
prompts_1639,prompts_chat,6410,24,low,linguistic_phrase|length_multiline,,False,False,,
prompts_1649,prompts_chat,3207,8,none,length_multiline,,False,False,,
prompts_1672,prompts_chat,105,0,none,,,True,True,S2,S5
prompts_1674,prompts_chat,990,16,low,linguistic_phrase|length_multiline,known_injection_phrase,False,False,,
prompts_1681,prompts_chat,1514,8,none,length_multiline,,True,True,"S2,S3",S5
prompts_1688,prompts_chat,715,8,none,length_multiline,,True,True,S1,S5
prompts_1707,prompts_chat,1032,22,low,linguistic_phrase|length_multiline|template_placeholder,missing_delimiter|known_injection_phrase,False,False,,
prompts_1751,prompts_chat,2647,38,low,linguistic_phrase|length_multiline,known_injection_phrase,False,False,,
prompts_1778,prompts_chat,944,8,none,length_multiline,known_injection_phrase,True,True,,S5
prompts_1781,prompts_chat,760,12,none,linguistic_phrase|length_multiline,known_injection_phrase,False,True,,S5
prompts_1786,prompts_chat,350,8,none,length_multiline,known_injection_phrase,False,False,,
prompts_1808,prompts_chat,286,8,none,length_multiline,known_injection_phrase,False,False,,
prompts_1809,prompts_chat,100,0,none,,,True,True,S3,S5
prompts_1821,prompts_chat,93,0,none,,,True,True,S3,S5
prompts_1834,prompts_chat,558,16,low,linguistic_phrase|length_multiline,known_injection_phrase,False,False,,
prompts_1836,prompts_chat,2752,24,low,linguistic_phrase|length_multiline|template_placeholder|few_shot_markers,missing_delimiter,True,True,S2,S5
prompts_1843,prompts_chat,381,8,none,length_multiline,known_injection_phrase,False,False,,
prompts_1854,prompts_chat,893,26,low,linguistic_phrase|length_multiline|few_shot_markers,known_injection_phrase,False,False,,
prompts_1860,prompts_chat,372,8,none,length_multiline,,True,True,"S1,S2,S3,S4,S5,S6,S7",S5
prompts_1891,prompts_chat,150,0,none,,,True,True,S5,S5
prompts_1892,prompts_chat,1374,24,low,linguistic_phrase|length_multiline,known_injection_phrase,False,False,,
prompts_1908,prompts_chat,792,16,low,linguistic_phrase|length_multiline,known_injection_phrase,False,False,,
prompts_1928,prompts_chat,1237,32,low,linguistic_phrase|length_multiline|template_placeholder|few_shot_markers,missing_delimiter|known_injection_phrase,False,False,,
prompts_1939,prompts_chat,606,26,low,linguistic_phrase|length_multiline|template_placeholder,missing_delimiter|known_injection_phrase,False,True,,S5
prompts_1951,prompts_chat,2412,12,none,linguistic_phrase|length_multiline,known_injection_phrase,False,True,,S5
prompts_1953,prompts_chat,1335,8,none,length_multiline,known_injection_phrase,True,True,"S1,S2,S3,S4,S5",S5
prompts_1965,prompts_chat,2651,12,none,linguistic_phrase|length_multiline,known_injection_phrase,False,False,,
prompts_1978,prompts_chat,2632,22,low,linguistic_phrase|length_multiline|template_placeholder,missing_delimiter,True,True,S1,S5
prompts_2015,prompts_chat,689,8,none,length_multiline,known_injection_phrase,False,True,,S5
prompts_2020,prompts_chat,9274,38,low,linguistic_phrase|length_multiline|template_placeholder,missing_delimiter|known_injection_phrase,True,True,"S1,S2,S3,S4",S5
prompts_2028,prompts_chat,2167,12,none,linguistic_phrase|length_multiline,,True,True,S1,S5
prompts_2041,prompts_chat,877,16,low,linguistic_phrase|length_multiline,known_injection_phrase,False,False,,
prompts_2044,prompts_chat,958,26,low,linguistic_phrase|length_multiline|template_placeholder,missing_delimiter|known_injection_phrase,False,False,,
prompts_2060,prompts_chat,803,20,low,linguistic_phrase|length_multiline,known_injection_phrase,False,True,,S5
prompts_2070,prompts_chat,733,8,none,length_multiline,known_injection_phrase,True,False,S1,
prompts_2074,prompts_chat,3507,8,none,length_multiline,,False,True,,S5
prompts_2084,prompts_chat,390,8,none,length_multiline,,False,False,,
prompts_2091,prompts_chat,439,12,none,linguistic_phrase|length_multiline,,False,True,,S5
prompts_2096,prompts_chat,358,8,none,length_multiline,,True,True,S2,S5
prompts_2119,prompts_chat,172,4,none,linguistic_phrase,,True,True,S3,S5
prompts_2122,prompts_chat,4773,26,low,linguistic_phrase|length_multiline|template_placeholder,missing_delimiter,False,True,,S5
prompts_2129,prompts_chat,7878,34,low,linguistic_phrase|length_multiline|template_placeholder,missing_delimiter,False,False,,
arxivsec_2403.03792v2,arxiv_security,1013,8,none,length_multiline,known_injection_phrase,True,True,S5,S5
arxivsec_2609.27263v1,arxiv_security,1914,8,none,length_multiline,known_injection_phrase,False,True,,S5
arxivsec_2609.24446v2,arxiv_security,1643,8,none,length_multiline,known_injection_phrase,True,False,S5,
arxivsec_2609.22712v1,arxiv_security,1890,8,none,length_multiline,known_injection_phrase,False,True,,S5
arxivsec_2609.22510v1,arxiv_security,1905,8,none,length_multiline,known_injection_phrase,True,True,"S1,S3",S6
arxivsec_2609.21088v1,arxiv_security,1495,8,none,length_multiline,known_injection_phrase,True,False,"S1,S2,S3",
arxivsec_2609.19587v1,arxiv_security,1562,8,none,length_multiline,known_injection_phrase,True,True,"S2,S3",S7
arxivsec_2609.19140v1,arxiv_security,1594,8,none,length_multiline,known_injection_phrase,True,True,"S2,S3",S6
arxivsec_2609.10892v1,arxiv_security,1914,8,none,length_multiline,known_injection_phrase,True,True,S5,S6
arxivsec_2609.08371v1,arxiv_security,1548,8,none,length_multiline,known_injection_phrase,True,True,"S1,S2,S3",S6
arxivsec_2609.07529v2,arxiv_security,1620,12,none,linguistic_phrase|length_multiline,known_injection_phrase,True,True,"S1,S2,S3,S4,S5",S6
arxivsec_2609.03999v1,arxiv_security,1464,8,none,length_multiline,known_injection_phrase,False,True,,S5
arxivsec_2609.02035v1,arxiv_security,1423,8,none,length_multiline,,True,True,"S1,S2,S3,S5",S6
arxivsec_2609.01046v1,arxiv_security,1696,8,none,length_multiline,known_injection_phrase,True,True,S3,S6
arxivsec_2608.30441v2,arxiv_security,1796,12,none,linguistic_phrase|length_multiline,known_injection_phrase,True,True,"S1,S3",S5
arxivsec_2608.30207v1,arxiv_security,1564,8,none,length_multiline,known_injection_phrase,True,True,"S1,S2,S3",S6
arxivsec_2608.27990v1,arxiv_security,1543,8,none,length_multiline,known_injection_phrase,True,True,"S1,S2,S3",S7
arxivsec_2608.27092v1,arxiv_security,1662,8,none,length_multiline,,True,True,"S2,S5",S6
arxivsec_2608.27496v1,arxiv_security,1875,8,none,length_multiline,,True,True,"S1,S2,S3",S6
arxivsec_2608.24022v1,arxiv_security,1700,8,none,length_multiline,known_injection_phrase,True,False,S2,
arxivsec_2608.23873v3,arxiv_security,1914,8,none,length_multiline,known_injection_phrase,True,True,"S1,S3",S5
arxivsec_2608.22248v1,arxiv_security,1192,8,none,length_multiline,known_injection_phrase,False,False,,
arxivsec_2608.21500v1,arxiv_security,1432,8,none,length_multiline,known_injection_phrase,True,True,"S1,S2,S3,S4,S5",S6
arxivsec_2608.21230v1,arxiv_security,1548,8,none,length_multiline,,True,True,"S2,S3",S5
arxivsec_2608.19982v1,arxiv_security,1540,12,none,linguistic_phrase|length_multiline,known_injection_phrase,True,False,S5,
arxivsec_2608.17659v1,arxiv_security,1633,8,none,length_multiline,,True,True,"S2,S3",S6
arxivsec_2608.16843v1,arxiv_security,1703,12,none,linguistic_phrase|length_multiline,known_injection_phrase,True,True,"S1,S2,S3,S4",S7
arxivsec_2608.09124v1,arxiv_security,1702,8,none,length_multiline,known_injection_phrase,True,True,"S1,S3",S5
arxivsec_2608.08939v1,arxiv_security,1453,8,none,length_multiline,known_injection_phrase,True,True,"S2,S3",S5
arxivsec_2608.08795v1,arxiv_security,1538,8,none,length_multiline,known_injection_phrase,True,True,S5,S6
arxivsec_2608.08468v1,arxiv_security,1188,14,none,length_multiline|template_placeholder,known_injection_phrase,True,True,"S1,S3,S5",S5
arxivsec_2608.08027v1,arxiv_security,1501,8,none,length_multiline,known_injection_phrase,True,False,S5,
arxivsec_2608.06477v1,arxiv_security,1242,8,none,length_multiline,,True,True,S5,S6
arxivsec_2608.05715v1,arxiv_security,1824,12,none,linguistic_phrase|length_multiline,known_injection_phrase,True,True,S2,S5
arxivsec_2608.05430v1,arxiv_security,1913,8,none,length_multiline,known_injection_phrase,True,True,S5,S6
arxivsec_2608.04192v2,arxiv_security,1601,8,none,length_multiline,known_injection_phrase,True,True,"S2,S5",S6
arxivsec_2608.02018v2,arxiv_security,1705,8,none,length_multiline,known_injection_phrase,True,True,"S2,S5",S7
arxivsec_2608.01635v1,arxiv_security,1215,8,none,length_multiline,,True,True,S2,S5
arxivsec_2608.00747v2,arxiv_security,1194,8,none,length_multiline,known_injection_phrase,True,True,"S2,S3",S6
arxivsec_2608.02657v2,arxiv_security,1584,12,none,linguistic_phrase|length_multiline,known_injection_phrase,True,True,"S1,S2,S3",S6
arxivsec_2607.28165v2,arxiv_security,1733,8,none,length_multiline,known_injection_phrase,True,True,"S2,S3",S5
arxivsec_2607.24174v1,arxiv_security,1331,8,none,length_multiline,known_injection_phrase,True,False,"S2,S3",
arxivsec_2609.20188v1,arxiv_security,1916,12,none,linguistic_phrase|length_multiline,known_injection_phrase,True,True,"S1,S3",S7
arxivsec_2607.22024v1,arxiv_security,1578,8,none,length_multiline,known_injection_phrase,True,True,"S1,S2,S3,S4",S6
arxivsec_2608.14629v1,arxiv_security,1412,12,none,linguistic_phrase|length_multiline,,True,True,S3,S5
arxivsec_2607.20090v1,arxiv_security,1493,8,none,length_multiline,,True,True,S2,S7
arxivsec_2607.18847v1,arxiv_security,1919,12,none,linguistic_phrase|length_multiline,known_injection_phrase,True,False,S5,
arxivsec_2607.18622v2,arxiv_security,1674,8,none,length_multiline,,True,True,S5,S7
arxivsec_2607.18485v1,arxiv_security,1385,12,none,linguistic_phrase|length_multiline,known_injection_phrase,True,True,"S1,S2,S3",S5
arxivsec_2607.19430v2,arxiv_security,1882,8,none,length_multiline,known_injection_phrase,True,True,"S2,S5",S5
arxivsec_2607.17535v1,arxiv_security,1675,8,none,length_multiline,known_injection_phrase,True,True,"S1,S2,S3,S4",S5
arxivsec_2608.14625v1,arxiv_security,1901,8,none,length_multiline,,True,True,"S2,S5",S5
arxivsec_2607.14611v1,arxiv_security,1170,8,none,length_multiline,known_injection_phrase,True,True,"S1,S2,S3",S5
arxivsec_2607.14493v1,arxiv_security,1733,8,none,length_multiline,known_injection_phrase,True,True,"S1,S2,S3,S4,S5",S5
arxivsec_2607.10490v1,arxiv_security,1281,8,none,length_multiline,known_injection_phrase,True,True,"S2,S3",S5
arxivsec_2607.10080v1,arxiv_security,1177,8,none,length_multiline,known_injection_phrase,True,True,S2,S5
arxivsec_2607.09938v1,arxiv_security,1105,8,none,length_multiline,,True,True,S2,S5
arxivsec_2607.08147v1,arxiv_security,1337,8,none,length_multiline,known_injection_phrase,True,False,"S2,S3",
arxivsec_2607.05277v1,arxiv_security,1343,8,none,length_multiline,known_injection_phrase,True,False,S2,
arxivsec_2607.05120v1,arxiv_security,1689,12,none,linguistic_phrase|length_multiline,known_injection_phrase,True,True,"S2,S3",S5
arxivsec_2607.04222v1,arxiv_security,1516,8,none,length_multiline,known_injection_phrase,True,True,S5,S5
