threshold,probe_id,true_label,phrasing,is_prompt,score,band
0,s5_imp_01,S5,imperative,False,0,low
0,s5_imp_02,S5,imperative,False,0,low
0,s5_imp_03,S5,imperative,False,4,low
0,s5_imp_04,S5,imperative,False,0,low
0,s5_imp_05,S5,imperative,False,0,low
0,s5_imp_06,S5,imperative,False,0,low
0,s5_imp_07,S5,imperative,False,0,low
0,s5_imp_08,S5,imperative,False,0,low
0,s5_imp_09,S5,imperative,False,4,low
0,s5_imp_10,S5,imperative,False,0,low
0,s5_imp_11,S5,imperative,False,0,low
0,s5_imp_12,S5,imperative,False,0,low
0,s5_imp_13,S5,imperative,False,0,low
0,s5_imp_14,S5,imperative,False,8,low
0,s5_imp_15,S5,imperative,False,0,low
0,s5_dec_01,S5,declarative,False,0,low
0,s5_dec_02,S5,declarative,False,0,low
0,s5_dec_03,S5,declarative,False,0,low
0,s5_dec_04,S5,declarative,False,0,low
0,s5_dec_05,S5,declarative,False,4,low
0,s5_dec_06,S5,declarative,False,0,low
0,s5_dec_07,S5,declarative,False,0,low
0,s5_dec_08,S5,declarative,False,0,low
0,s5_dec_09,S5,declarative,False,0,low
0,s5_dec_10,S5,declarative,False,0,low
0,s5_dec_11,S5,declarative,False,0,low
0,s5_dec_12,S5,declarative,False,0,low
0,s5_dec_13,S5,declarative,False,0,low
0,s5_dec_14,S5,declarative,False,0,low
0,s5_ind_01,S5,indirect,False,0,low
0,s5_ind_02,S5,indirect,False,0,low
0,s5_ind_03,S5,indirect,False,0,low
0,s5_ind_04,S5,indirect,False,0,low
0,s5_ind_05,S5,indirect,False,0,low
0,s5_ind_06,S5,indirect,False,0,low
0,s5_ind_07,S5,indirect,False,0,low
0,s5_ind_08,S5,indirect,False,0,low
0,s5_ind_09,S5,indirect,False,0,low
0,s5_ind_10,S5,indirect,False,0,low
0,s6_rp_01,S6,roleplay,False,4,low
0,s6_rp_02,S6,roleplay,False,4,low
0,s6_rp_03,S6,roleplay,False,4,low
0,s6_rp_04,S6,roleplay,False,0,low
0,s6_rp_05,S6,roleplay,False,8,low
0,s6_rp_06,S6,roleplay,False,0,low
0,s6_rp_07,S6,roleplay,False,0,low
0,s6_rp_08,S6,roleplay,False,0,low
0,s6_enc_01,S6,encoding,False,4,low
0,s6_enc_02,S6,encoding,False,0,low
0,s6_enc_03,S6,encoding,False,4,low
0,s6_enc_04,S6,encoding,False,4,low
0,safe_01,SAFE,benign,False,0,low
0,safe_02,SAFE,benign,False,4,low
0,safe_03,SAFE,benign,False,4,low
0,safe_04,SAFE,benign,False,4,low
0,safe_05,SAFE,benign,False,0,low
0,safe_06,SAFE,benign,False,0,low
0,safe_07,SAFE,benign,False,4,low
0,safe_08,SAFE,benign,False,0,low
0,safe_09,SAFE,benign,False,0,low
0,safe_10,SAFE,benign,False,0,low
0,safe_11,SAFE,benign,False,0,low
0,safe_12,SAFE,benign,False,4,low
0,safe_13,SAFE,benign,False,0,low
0,safe_14,SAFE,benign,False,4,low
0,safe_15,SAFE,benign,False,0,low
0,safe_16,SAFE,benign,False,0,low
0,safe_17,SAFE,benign,False,4,low
0,safe_18,SAFE,benign,False,0,low
0,safe_19,SAFE,benign,False,0,low
0,safe_20,SAFE,benign,False,0,low
0,hn_p_01,SAFE,legit_prompt,True,8,low
0,hn_p_02,SAFE,legit_prompt,True,12,low
0,hn_p_03,SAFE,legit_prompt,True,4,low
0,hn_p_04,SAFE,legit_prompt,True,8,low
0,hn_p_05,SAFE,legit_prompt,True,12,low
0,hn_p_06,SAFE,legit_prompt,True,8,low
0,hn_p_07,SAFE,legit_prompt,True,8,low
0,hn_p_08,SAFE,legit_prompt,True,12,low
0,hn_d_01,SAFE,security_doc,False,0,low
0,hn_d_02,SAFE,security_doc,False,0,low
0,hn_d_03,SAFE,security_doc,False,0,low
0,hn_d_04,SAFE,security_doc,False,4,low
0,hn_d_05,SAFE,security_doc,False,0,low
0,hn_d_06,SAFE,security_doc,False,0,low
0,hn_d_07,SAFE,security_doc,False,4,low
0,hn_d_08,SAFE,security_doc,False,0,low
0,hn_t_01,SAFE,benign_template,True,6,low
0,hn_t_02,SAFE,benign_template,True,6,low
0,hn_t_03,SAFE,benign_template,True,6,low
0,hn_t_04,SAFE,benign_template,True,14,low
1,s5_imp_01,S5,imperative,False,0,none
1,s5_imp_02,S5,imperative,False,0,none
1,s5_imp_03,S5,imperative,False,4,low
1,s5_imp_04,S5,imperative,False,0,none
1,s5_imp_05,S5,imperative,False,0,none
1,s5_imp_06,S5,imperative,False,0,none
1,s5_imp_07,S5,imperative,False,0,none
1,s5_imp_08,S5,imperative,False,0,none
1,s5_imp_09,S5,imperative,False,4,low
1,s5_imp_10,S5,imperative,False,0,none
1,s5_imp_11,S5,imperative,False,0,none
1,s5_imp_12,S5,imperative,False,0,none
1,s5_imp_13,S5,imperative,False,0,none
1,s5_imp_14,S5,imperative,False,8,low
1,s5_imp_15,S5,imperative,False,0,none
1,s5_dec_01,S5,declarative,False,0,none
1,s5_dec_02,S5,declarative,False,0,none
1,s5_dec_03,S5,declarative,False,0,none
1,s5_dec_04,S5,declarative,False,0,none
1,s5_dec_05,S5,declarative,False,4,low
1,s5_dec_06,S5,declarative,False,0,none
1,s5_dec_07,S5,declarative,False,0,none
1,s5_dec_08,S5,declarative,False,0,none
1,s5_dec_09,S5,declarative,False,0,none
1,s5_dec_10,S5,declarative,False,0,none
1,s5_dec_11,S5,declarative,False,0,none
1,s5_dec_12,S5,declarative,False,0,none
1,s5_dec_13,S5,declarative,False,0,none
1,s5_dec_14,S5,declarative,False,0,none
1,s5_ind_01,S5,indirect,False,0,none
1,s5_ind_02,S5,indirect,False,0,none
1,s5_ind_03,S5,indirect,False,0,none
1,s5_ind_04,S5,indirect,False,0,none
1,s5_ind_05,S5,indirect,False,0,none
1,s5_ind_06,S5,indirect,False,0,none
1,s5_ind_07,S5,indirect,False,0,none
1,s5_ind_08,S5,indirect,False,0,none
1,s5_ind_09,S5,indirect,False,0,none
1,s5_ind_10,S5,indirect,False,0,none
1,s6_rp_01,S6,roleplay,False,4,low
1,s6_rp_02,S6,roleplay,False,4,low
1,s6_rp_03,S6,roleplay,False,4,low
1,s6_rp_04,S6,roleplay,False,0,none
1,s6_rp_05,S6,roleplay,False,8,low
1,s6_rp_06,S6,roleplay,False,0,none
1,s6_rp_07,S6,roleplay,False,0,none
1,s6_rp_08,S6,roleplay,False,0,none
1,s6_enc_01,S6,encoding,False,4,low
1,s6_enc_02,S6,encoding,False,0,none
1,s6_enc_03,S6,encoding,False,4,low
1,s6_enc_04,S6,encoding,False,4,low
1,safe_01,SAFE,benign,False,0,none
1,safe_02,SAFE,benign,False,4,low
1,safe_03,SAFE,benign,False,4,low
1,safe_04,SAFE,benign,False,4,low
1,safe_05,SAFE,benign,False,0,none
1,safe_06,SAFE,benign,False,0,none
1,safe_07,SAFE,benign,False,4,low
1,safe_08,SAFE,benign,False,0,none
1,safe_09,SAFE,benign,False,0,none
1,safe_10,SAFE,benign,False,0,none
1,safe_11,SAFE,benign,False,0,none
1,safe_12,SAFE,benign,False,4,low
1,safe_13,SAFE,benign,False,0,none
1,safe_14,SAFE,benign,False,4,low
1,safe_15,SAFE,benign,False,0,none
1,safe_16,SAFE,benign,False,0,none
1,safe_17,SAFE,benign,False,4,low
1,safe_18,SAFE,benign,False,0,none
1,safe_19,SAFE,benign,False,0,none
1,safe_20,SAFE,benign,False,0,none
1,hn_p_01,SAFE,legit_prompt,True,8,low
1,hn_p_02,SAFE,legit_prompt,True,12,low
1,hn_p_03,SAFE,legit_prompt,True,4,low
1,hn_p_04,SAFE,legit_prompt,True,8,low
1,hn_p_05,SAFE,legit_prompt,True,12,low
1,hn_p_06,SAFE,legit_prompt,True,8,low
1,hn_p_07,SAFE,legit_prompt,True,8,low
1,hn_p_08,SAFE,legit_prompt,True,12,low
1,hn_d_01,SAFE,security_doc,False,0,none
1,hn_d_02,SAFE,security_doc,False,0,none
1,hn_d_03,SAFE,security_doc,False,0,none
1,hn_d_04,SAFE,security_doc,False,4,low
1,hn_d_05,SAFE,security_doc,False,0,none
1,hn_d_06,SAFE,security_doc,False,0,none
1,hn_d_07,SAFE,security_doc,False,4,low
1,hn_d_08,SAFE,security_doc,False,0,none
1,hn_t_01,SAFE,benign_template,True,6,low
1,hn_t_02,SAFE,benign_template,True,6,low
1,hn_t_03,SAFE,benign_template,True,6,low
1,hn_t_04,SAFE,benign_template,True,14,low
2,s5_imp_01,S5,imperative,False,0,none
2,s5_imp_02,S5,imperative,False,0,none
2,s5_imp_03,S5,imperative,False,4,low
2,s5_imp_04,S5,imperative,False,0,none
2,s5_imp_05,S5,imperative,False,0,none
2,s5_imp_06,S5,imperative,False,0,none
2,s5_imp_07,S5,imperative,False,0,none
2,s5_imp_08,S5,imperative,False,0,none
2,s5_imp_09,S5,imperative,False,4,low
2,s5_imp_10,S5,imperative,False,0,none
2,s5_imp_11,S5,imperative,False,0,none
2,s5_imp_12,S5,imperative,False,0,none
2,s5_imp_13,S5,imperative,False,0,none
2,s5_imp_14,S5,imperative,False,8,low
2,s5_imp_15,S5,imperative,False,0,none
2,s5_dec_01,S5,declarative,False,0,none
2,s5_dec_02,S5,declarative,False,0,none
2,s5_dec_03,S5,declarative,False,0,none
2,s5_dec_04,S5,declarative,False,0,none
2,s5_dec_05,S5,declarative,False,4,low
2,s5_dec_06,S5,declarative,False,0,none
2,s5_dec_07,S5,declarative,False,0,none
2,s5_dec_08,S5,declarative,False,0,none
2,s5_dec_09,S5,declarative,False,0,none
2,s5_dec_10,S5,declarative,False,0,none
2,s5_dec_11,S5,declarative,False,0,none
2,s5_dec_12,S5,declarative,False,0,none
2,s5_dec_13,S5,declarative,False,0,none
2,s5_dec_14,S5,declarative,False,0,none
2,s5_ind_01,S5,indirect,False,0,none
2,s5_ind_02,S5,indirect,False,0,none
2,s5_ind_03,S5,indirect,False,0,none
2,s5_ind_04,S5,indirect,False,0,none
2,s5_ind_05,S5,indirect,False,0,none
2,s5_ind_06,S5,indirect,False,0,none
2,s5_ind_07,S5,indirect,False,0,none
2,s5_ind_08,S5,indirect,False,0,none
2,s5_ind_09,S5,indirect,False,0,none
2,s5_ind_10,S5,indirect,False,0,none
2,s6_rp_01,S6,roleplay,False,4,low
2,s6_rp_02,S6,roleplay,False,4,low
2,s6_rp_03,S6,roleplay,False,4,low
2,s6_rp_04,S6,roleplay,False,0,none
2,s6_rp_05,S6,roleplay,False,8,low
2,s6_rp_06,S6,roleplay,False,0,none
2,s6_rp_07,S6,roleplay,False,0,none
2,s6_rp_08,S6,roleplay,False,0,none
2,s6_enc_01,S6,encoding,False,4,low
2,s6_enc_02,S6,encoding,False,0,none
2,s6_enc_03,S6,encoding,False,4,low
2,s6_enc_04,S6,encoding,False,4,low
2,safe_01,SAFE,benign,False,0,none
2,safe_02,SAFE,benign,False,4,low
2,safe_03,SAFE,benign,False,4,low
2,safe_04,SAFE,benign,False,4,low
2,safe_05,SAFE,benign,False,0,none
2,safe_06,SAFE,benign,False,0,none
2,safe_07,SAFE,benign,False,4,low
2,safe_08,SAFE,benign,False,0,none
2,safe_09,SAFE,benign,False,0,none
2,safe_10,SAFE,benign,False,0,none
2,safe_11,SAFE,benign,False,0,none
2,safe_12,SAFE,benign,False,4,low
2,safe_13,SAFE,benign,False,0,none
2,safe_14,SAFE,benign,False,4,low
2,safe_15,SAFE,benign,False,0,none
2,safe_16,SAFE,benign,False,0,none
2,safe_17,SAFE,benign,False,4,low
2,safe_18,SAFE,benign,False,0,none
2,safe_19,SAFE,benign,False,0,none
2,safe_20,SAFE,benign,False,0,none
2,hn_p_01,SAFE,legit_prompt,True,8,low
2,hn_p_02,SAFE,legit_prompt,True,12,low
2,hn_p_03,SAFE,legit_prompt,True,4,low
2,hn_p_04,SAFE,legit_prompt,True,8,low
2,hn_p_05,SAFE,legit_prompt,True,12,low
2,hn_p_06,SAFE,legit_prompt,True,8,low
2,hn_p_07,SAFE,legit_prompt,True,8,low
2,hn_p_08,SAFE,legit_prompt,True,12,low
2,hn_d_01,SAFE,security_doc,False,0,none
2,hn_d_02,SAFE,security_doc,False,0,none
2,hn_d_03,SAFE,security_doc,False,0,none
2,hn_d_04,SAFE,security_doc,False,4,low
2,hn_d_05,SAFE,security_doc,False,0,none
2,hn_d_06,SAFE,security_doc,False,0,none
2,hn_d_07,SAFE,security_doc,False,4,low
2,hn_d_08,SAFE,security_doc,False,0,none
2,hn_t_01,SAFE,benign_template,True,6,low
2,hn_t_02,SAFE,benign_template,True,6,low
2,hn_t_03,SAFE,benign_template,True,6,low
2,hn_t_04,SAFE,benign_template,True,14,low
3,s5_imp_01,S5,imperative,False,0,none
3,s5_imp_02,S5,imperative,False,0,none
3,s5_imp_03,S5,imperative,False,4,low
3,s5_imp_04,S5,imperative,False,0,none
3,s5_imp_05,S5,imperative,False,0,none
3,s5_imp_06,S5,imperative,False,0,none
3,s5_imp_07,S5,imperative,False,0,none
3,s5_imp_08,S5,imperative,False,0,none
3,s5_imp_09,S5,imperative,False,4,low
3,s5_imp_10,S5,imperative,False,0,none
3,s5_imp_11,S5,imperative,False,0,none
3,s5_imp_12,S5,imperative,False,0,none
3,s5_imp_13,S5,imperative,False,0,none
3,s5_imp_14,S5,imperative,False,8,low
3,s5_imp_15,S5,imperative,False,0,none
3,s5_dec_01,S5,declarative,False,0,none
3,s5_dec_02,S5,declarative,False,0,none
3,s5_dec_03,S5,declarative,False,0,none
3,s5_dec_04,S5,declarative,False,0,none
3,s5_dec_05,S5,declarative,False,4,low
3,s5_dec_06,S5,declarative,False,0,none
3,s5_dec_07,S5,declarative,False,0,none
3,s5_dec_08,S5,declarative,False,0,none
3,s5_dec_09,S5,declarative,False,0,none
3,s5_dec_10,S5,declarative,False,0,none
3,s5_dec_11,S5,declarative,False,0,none
3,s5_dec_12,S5,declarative,False,0,none
3,s5_dec_13,S5,declarative,False,0,none
3,s5_dec_14,S5,declarative,False,0,none
3,s5_ind_01,S5,indirect,False,0,none
3,s5_ind_02,S5,indirect,False,0,none
3,s5_ind_03,S5,indirect,False,0,none
3,s5_ind_04,S5,indirect,False,0,none
3,s5_ind_05,S5,indirect,False,0,none
3,s5_ind_06,S5,indirect,False,0,none
3,s5_ind_07,S5,indirect,False,0,none
3,s5_ind_08,S5,indirect,False,0,none
3,s5_ind_09,S5,indirect,False,0,none
3,s5_ind_10,S5,indirect,False,0,none
3,s6_rp_01,S6,roleplay,False,4,low
3,s6_rp_02,S6,roleplay,False,4,low
3,s6_rp_03,S6,roleplay,False,4,low
3,s6_rp_04,S6,roleplay,False,0,none
3,s6_rp_05,S6,roleplay,False,8,low
3,s6_rp_06,S6,roleplay,False,0,none
3,s6_rp_07,S6,roleplay,False,0,none
3,s6_rp_08,S6,roleplay,False,0,none
3,s6_enc_01,S6,encoding,False,4,low
3,s6_enc_02,S6,encoding,False,0,none
3,s6_enc_03,S6,encoding,False,4,low
3,s6_enc_04,S6,encoding,False,4,low
3,safe_01,SAFE,benign,False,0,none
3,safe_02,SAFE,benign,False,4,low
3,safe_03,SAFE,benign,False,4,low
3,safe_04,SAFE,benign,False,4,low
3,safe_05,SAFE,benign,False,0,none
3,safe_06,SAFE,benign,False,0,none
3,safe_07,SAFE,benign,False,4,low
3,safe_08,SAFE,benign,False,0,none
3,safe_09,SAFE,benign,False,0,none
3,safe_10,SAFE,benign,False,0,none
3,safe_11,SAFE,benign,False,0,none
3,safe_12,SAFE,benign,False,4,low
3,safe_13,SAFE,benign,False,0,none
3,safe_14,SAFE,benign,False,4,low
3,safe_15,SAFE,benign,False,0,none
3,safe_16,SAFE,benign,False,0,none
3,safe_17,SAFE,benign,False,4,low
3,safe_18,SAFE,benign,False,0,none
3,safe_19,SAFE,benign,False,0,none
3,safe_20,SAFE,benign,False,0,none
3,hn_p_01,SAFE,legit_prompt,True,8,low
3,hn_p_02,SAFE,legit_prompt,True,12,low
3,hn_p_03,SAFE,legit_prompt,True,4,low
3,hn_p_04,SAFE,legit_prompt,True,8,low
3,hn_p_05,SAFE,legit_prompt,True,12,low
3,hn_p_06,SAFE,legit_prompt,True,8,low
3,hn_p_07,SAFE,legit_prompt,True,8,low
3,hn_p_08,SAFE,legit_prompt,True,12,low
3,hn_d_01,SAFE,security_doc,False,0,none
3,hn_d_02,SAFE,security_doc,False,0,none
3,hn_d_03,SAFE,security_doc,False,0,none
3,hn_d_04,SAFE,security_doc,False,4,low
3,hn_d_05,SAFE,security_doc,False,0,none
3,hn_d_06,SAFE,security_doc,False,0,none
3,hn_d_07,SAFE,security_doc,False,4,low
3,hn_d_08,SAFE,security_doc,False,0,none
3,hn_t_01,SAFE,benign_template,True,6,low
3,hn_t_02,SAFE,benign_template,True,6,low
3,hn_t_03,SAFE,benign_template,True,6,low
3,hn_t_04,SAFE,benign_template,True,14,low
4,s5_imp_01,S5,imperative,False,0,none
4,s5_imp_02,S5,imperative,False,0,none
4,s5_imp_03,S5,imperative,False,4,low
4,s5_imp_04,S5,imperative,False,0,none
4,s5_imp_05,S5,imperative,False,0,none
4,s5_imp_06,S5,imperative,False,0,none
4,s5_imp_07,S5,imperative,False,0,none
4,s5_imp_08,S5,imperative,False,0,none
4,s5_imp_09,S5,imperative,False,4,low
4,s5_imp_10,S5,imperative,False,0,none
4,s5_imp_11,S5,imperative,False,0,none
4,s5_imp_12,S5,imperative,False,0,none
4,s5_imp_13,S5,imperative,False,0,none
4,s5_imp_14,S5,imperative,False,8,low
4,s5_imp_15,S5,imperative,False,0,none
4,s5_dec_01,S5,declarative,False,0,none
4,s5_dec_02,S5,declarative,False,0,none
4,s5_dec_03,S5,declarative,False,0,none
4,s5_dec_04,S5,declarative,False,0,none
4,s5_dec_05,S5,declarative,False,4,low
4,s5_dec_06,S5,declarative,False,0,none
4,s5_dec_07,S5,declarative,False,0,none
4,s5_dec_08,S5,declarative,False,0,none
4,s5_dec_09,S5,declarative,False,0,none
4,s5_dec_10,S5,declarative,False,0,none
4,s5_dec_11,S5,declarative,False,0,none
4,s5_dec_12,S5,declarative,False,0,none
4,s5_dec_13,S5,declarative,False,0,none
4,s5_dec_14,S5,declarative,False,0,none
4,s5_ind_01,S5,indirect,False,0,none
4,s5_ind_02,S5,indirect,False,0,none
4,s5_ind_03,S5,indirect,False,0,none
4,s5_ind_04,S5,indirect,False,0,none
4,s5_ind_05,S5,indirect,False,0,none
4,s5_ind_06,S5,indirect,False,0,none
4,s5_ind_07,S5,indirect,False,0,none
4,s5_ind_08,S5,indirect,False,0,none
4,s5_ind_09,S5,indirect,False,0,none
4,s5_ind_10,S5,indirect,False,0,none
4,s6_rp_01,S6,roleplay,False,4,low
4,s6_rp_02,S6,roleplay,False,4,low
4,s6_rp_03,S6,roleplay,False,4,low
4,s6_rp_04,S6,roleplay,False,0,none
4,s6_rp_05,S6,roleplay,False,8,low
4,s6_rp_06,S6,roleplay,False,0,none
4,s6_rp_07,S6,roleplay,False,0,none
4,s6_rp_08,S6,roleplay,False,0,none
4,s6_enc_01,S6,encoding,False,4,low
4,s6_enc_02,S6,encoding,False,0,none
4,s6_enc_03,S6,encoding,False,4,low
4,s6_enc_04,S6,encoding,False,4,low
4,safe_01,SAFE,benign,False,0,none
4,safe_02,SAFE,benign,False,4,low
4,safe_03,SAFE,benign,False,4,low
4,safe_04,SAFE,benign,False,4,low
4,safe_05,SAFE,benign,False,0,none
4,safe_06,SAFE,benign,False,0,none
4,safe_07,SAFE,benign,False,4,low
4,safe_08,SAFE,benign,False,0,none
4,safe_09,SAFE,benign,False,0,none
4,safe_10,SAFE,benign,False,0,none
4,safe_11,SAFE,benign,False,0,none
4,safe_12,SAFE,benign,False,4,low
4,safe_13,SAFE,benign,False,0,none
4,safe_14,SAFE,benign,False,4,low
4,safe_15,SAFE,benign,False,0,none
4,safe_16,SAFE,benign,False,0,none
4,safe_17,SAFE,benign,False,4,low
4,safe_18,SAFE,benign,False,0,none
4,safe_19,SAFE,benign,False,0,none
4,safe_20,SAFE,benign,False,0,none
4,hn_p_01,SAFE,legit_prompt,True,8,low
4,hn_p_02,SAFE,legit_prompt,True,12,low
4,hn_p_03,SAFE,legit_prompt,True,4,low
4,hn_p_04,SAFE,legit_prompt,True,8,low
4,hn_p_05,SAFE,legit_prompt,True,12,low
4,hn_p_06,SAFE,legit_prompt,True,8,low
4,hn_p_07,SAFE,legit_prompt,True,8,low
4,hn_p_08,SAFE,legit_prompt,True,12,low
4,hn_d_01,SAFE,security_doc,False,0,none
4,hn_d_02,SAFE,security_doc,False,0,none
4,hn_d_03,SAFE,security_doc,False,0,none
4,hn_d_04,SAFE,security_doc,False,4,low
4,hn_d_05,SAFE,security_doc,False,0,none
4,hn_d_06,SAFE,security_doc,False,0,none
4,hn_d_07,SAFE,security_doc,False,4,low
4,hn_d_08,SAFE,security_doc,False,0,none
4,hn_t_01,SAFE,benign_template,True,6,low
4,hn_t_02,SAFE,benign_template,True,6,low
4,hn_t_03,SAFE,benign_template,True,6,low
4,hn_t_04,SAFE,benign_template,True,14,low
5,s5_imp_01,S5,imperative,False,0,none
5,s5_imp_02,S5,imperative,False,0,none
5,s5_imp_03,S5,imperative,False,4,none
5,s5_imp_04,S5,imperative,False,0,none
5,s5_imp_05,S5,imperative,False,0,none
5,s5_imp_06,S5,imperative,False,0,none
5,s5_imp_07,S5,imperative,False,0,none
5,s5_imp_08,S5,imperative,False,0,none
5,s5_imp_09,S5,imperative,False,4,none
5,s5_imp_10,S5,imperative,False,0,none
5,s5_imp_11,S5,imperative,False,0,none
5,s5_imp_12,S5,imperative,False,0,none
5,s5_imp_13,S5,imperative,False,0,none
5,s5_imp_14,S5,imperative,False,8,low
5,s5_imp_15,S5,imperative,False,0,none
5,s5_dec_01,S5,declarative,False,0,none
5,s5_dec_02,S5,declarative,False,0,none
5,s5_dec_03,S5,declarative,False,0,none
5,s5_dec_04,S5,declarative,False,0,none
5,s5_dec_05,S5,declarative,False,4,none
5,s5_dec_06,S5,declarative,False,0,none
5,s5_dec_07,S5,declarative,False,0,none
5,s5_dec_08,S5,declarative,False,0,none
5,s5_dec_09,S5,declarative,False,0,none
5,s5_dec_10,S5,declarative,False,0,none
5,s5_dec_11,S5,declarative,False,0,none
5,s5_dec_12,S5,declarative,False,0,none
5,s5_dec_13,S5,declarative,False,0,none
5,s5_dec_14,S5,declarative,False,0,none
5,s5_ind_01,S5,indirect,False,0,none
5,s5_ind_02,S5,indirect,False,0,none
5,s5_ind_03,S5,indirect,False,0,none
5,s5_ind_04,S5,indirect,False,0,none
5,s5_ind_05,S5,indirect,False,0,none
5,s5_ind_06,S5,indirect,False,0,none
5,s5_ind_07,S5,indirect,False,0,none
5,s5_ind_08,S5,indirect,False,0,none
5,s5_ind_09,S5,indirect,False,0,none
5,s5_ind_10,S5,indirect,False,0,none
5,s6_rp_01,S6,roleplay,False,4,none
5,s6_rp_02,S6,roleplay,False,4,none
5,s6_rp_03,S6,roleplay,False,4,none
5,s6_rp_04,S6,roleplay,False,0,none
5,s6_rp_05,S6,roleplay,False,8,low
5,s6_rp_06,S6,roleplay,False,0,none
5,s6_rp_07,S6,roleplay,False,0,none
5,s6_rp_08,S6,roleplay,False,0,none
5,s6_enc_01,S6,encoding,False,4,none
5,s6_enc_02,S6,encoding,False,0,none
5,s6_enc_03,S6,encoding,False,4,none
5,s6_enc_04,S6,encoding,False,4,none
5,safe_01,SAFE,benign,False,0,none
5,safe_02,SAFE,benign,False,4,none
5,safe_03,SAFE,benign,False,4,none
5,safe_04,SAFE,benign,False,4,none
5,safe_05,SAFE,benign,False,0,none
5,safe_06,SAFE,benign,False,0,none
5,safe_07,SAFE,benign,False,4,none
5,safe_08,SAFE,benign,False,0,none
5,safe_09,SAFE,benign,False,0,none
5,safe_10,SAFE,benign,False,0,none
5,safe_11,SAFE,benign,False,0,none
5,safe_12,SAFE,benign,False,4,none
5,safe_13,SAFE,benign,False,0,none
5,safe_14,SAFE,benign,False,4,none
5,safe_15,SAFE,benign,False,0,none
5,safe_16,SAFE,benign,False,0,none
5,safe_17,SAFE,benign,False,4,none
5,safe_18,SAFE,benign,False,0,none
5,safe_19,SAFE,benign,False,0,none
5,safe_20,SAFE,benign,False,0,none
5,hn_p_01,SAFE,legit_prompt,True,8,low
5,hn_p_02,SAFE,legit_prompt,True,12,low
5,hn_p_03,SAFE,legit_prompt,True,4,none
5,hn_p_04,SAFE,legit_prompt,True,8,low
5,hn_p_05,SAFE,legit_prompt,True,12,low
5,hn_p_06,SAFE,legit_prompt,True,8,low
5,hn_p_07,SAFE,legit_prompt,True,8,low
5,hn_p_08,SAFE,legit_prompt,True,12,low
5,hn_d_01,SAFE,security_doc,False,0,none
5,hn_d_02,SAFE,security_doc,False,0,none
5,hn_d_03,SAFE,security_doc,False,0,none
5,hn_d_04,SAFE,security_doc,False,4,none
5,hn_d_05,SAFE,security_doc,False,0,none
5,hn_d_06,SAFE,security_doc,False,0,none
5,hn_d_07,SAFE,security_doc,False,4,none
5,hn_d_08,SAFE,security_doc,False,0,none
5,hn_t_01,SAFE,benign_template,True,6,low
5,hn_t_02,SAFE,benign_template,True,6,low
5,hn_t_03,SAFE,benign_template,True,6,low
5,hn_t_04,SAFE,benign_template,True,14,low
8,s5_imp_01,S5,imperative,False,0,none
8,s5_imp_02,S5,imperative,False,0,none
8,s5_imp_03,S5,imperative,False,4,none
8,s5_imp_04,S5,imperative,False,0,none
8,s5_imp_05,S5,imperative,False,0,none
8,s5_imp_06,S5,imperative,False,0,none
8,s5_imp_07,S5,imperative,False,0,none
8,s5_imp_08,S5,imperative,False,0,none
8,s5_imp_09,S5,imperative,False,4,none
8,s5_imp_10,S5,imperative,False,0,none
8,s5_imp_11,S5,imperative,False,0,none
8,s5_imp_12,S5,imperative,False,0,none
8,s5_imp_13,S5,imperative,False,0,none
8,s5_imp_14,S5,imperative,False,8,low
8,s5_imp_15,S5,imperative,False,0,none
8,s5_dec_01,S5,declarative,False,0,none
8,s5_dec_02,S5,declarative,False,0,none
8,s5_dec_03,S5,declarative,False,0,none
8,s5_dec_04,S5,declarative,False,0,none
8,s5_dec_05,S5,declarative,False,4,none
8,s5_dec_06,S5,declarative,False,0,none
8,s5_dec_07,S5,declarative,False,0,none
8,s5_dec_08,S5,declarative,False,0,none
8,s5_dec_09,S5,declarative,False,0,none
8,s5_dec_10,S5,declarative,False,0,none
8,s5_dec_11,S5,declarative,False,0,none
8,s5_dec_12,S5,declarative,False,0,none
8,s5_dec_13,S5,declarative,False,0,none
8,s5_dec_14,S5,declarative,False,0,none
8,s5_ind_01,S5,indirect,False,0,none
8,s5_ind_02,S5,indirect,False,0,none
8,s5_ind_03,S5,indirect,False,0,none
8,s5_ind_04,S5,indirect,False,0,none
8,s5_ind_05,S5,indirect,False,0,none
8,s5_ind_06,S5,indirect,False,0,none
8,s5_ind_07,S5,indirect,False,0,none
8,s5_ind_08,S5,indirect,False,0,none
8,s5_ind_09,S5,indirect,False,0,none
8,s5_ind_10,S5,indirect,False,0,none
8,s6_rp_01,S6,roleplay,False,4,none
8,s6_rp_02,S6,roleplay,False,4,none
8,s6_rp_03,S6,roleplay,False,4,none
8,s6_rp_04,S6,roleplay,False,0,none
8,s6_rp_05,S6,roleplay,False,8,low
8,s6_rp_06,S6,roleplay,False,0,none
8,s6_rp_07,S6,roleplay,False,0,none
8,s6_rp_08,S6,roleplay,False,0,none
8,s6_enc_01,S6,encoding,False,4,none
8,s6_enc_02,S6,encoding,False,0,none
8,s6_enc_03,S6,encoding,False,4,none
8,s6_enc_04,S6,encoding,False,4,none
8,safe_01,SAFE,benign,False,0,none
8,safe_02,SAFE,benign,False,4,none
8,safe_03,SAFE,benign,False,4,none
8,safe_04,SAFE,benign,False,4,none
8,safe_05,SAFE,benign,False,0,none
8,safe_06,SAFE,benign,False,0,none
8,safe_07,SAFE,benign,False,4,none
8,safe_08,SAFE,benign,False,0,none
8,safe_09,SAFE,benign,False,0,none
8,safe_10,SAFE,benign,False,0,none
8,safe_11,SAFE,benign,False,0,none
8,safe_12,SAFE,benign,False,4,none
8,safe_13,SAFE,benign,False,0,none
8,safe_14,SAFE,benign,False,4,none
8,safe_15,SAFE,benign,False,0,none
8,safe_16,SAFE,benign,False,0,none
8,safe_17,SAFE,benign,False,4,none
8,safe_18,SAFE,benign,False,0,none
8,safe_19,SAFE,benign,False,0,none
8,safe_20,SAFE,benign,False,0,none
8,hn_p_01,SAFE,legit_prompt,True,8,low
8,hn_p_02,SAFE,legit_prompt,True,12,low
8,hn_p_03,SAFE,legit_prompt,True,4,none
8,hn_p_04,SAFE,legit_prompt,True,8,low
8,hn_p_05,SAFE,legit_prompt,True,12,low
8,hn_p_06,SAFE,legit_prompt,True,8,low
8,hn_p_07,SAFE,legit_prompt,True,8,low
8,hn_p_08,SAFE,legit_prompt,True,12,low
8,hn_d_01,SAFE,security_doc,False,0,none
8,hn_d_02,SAFE,security_doc,False,0,none
8,hn_d_03,SAFE,security_doc,False,0,none
8,hn_d_04,SAFE,security_doc,False,4,none
8,hn_d_05,SAFE,security_doc,False,0,none
8,hn_d_06,SAFE,security_doc,False,0,none
8,hn_d_07,SAFE,security_doc,False,4,none
8,hn_d_08,SAFE,security_doc,False,0,none
8,hn_t_01,SAFE,benign_template,True,6,none
8,hn_t_02,SAFE,benign_template,True,6,none
8,hn_t_03,SAFE,benign_template,True,6,none
8,hn_t_04,SAFE,benign_template,True,14,low
10,s5_imp_01,S5,imperative,False,0,none
10,s5_imp_02,S5,imperative,False,0,none
10,s5_imp_03,S5,imperative,False,4,none
10,s5_imp_04,S5,imperative,False,0,none
10,s5_imp_05,S5,imperative,False,0,none
10,s5_imp_06,S5,imperative,False,0,none
10,s5_imp_07,S5,imperative,False,0,none
10,s5_imp_08,S5,imperative,False,0,none
10,s5_imp_09,S5,imperative,False,4,none
10,s5_imp_10,S5,imperative,False,0,none
10,s5_imp_11,S5,imperative,False,0,none
10,s5_imp_12,S5,imperative,False,0,none
10,s5_imp_13,S5,imperative,False,0,none
10,s5_imp_14,S5,imperative,False,8,none
10,s5_imp_15,S5,imperative,False,0,none
10,s5_dec_01,S5,declarative,False,0,none
10,s5_dec_02,S5,declarative,False,0,none
10,s5_dec_03,S5,declarative,False,0,none
10,s5_dec_04,S5,declarative,False,0,none
10,s5_dec_05,S5,declarative,False,4,none
10,s5_dec_06,S5,declarative,False,0,none
10,s5_dec_07,S5,declarative,False,0,none
10,s5_dec_08,S5,declarative,False,0,none
10,s5_dec_09,S5,declarative,False,0,none
10,s5_dec_10,S5,declarative,False,0,none
10,s5_dec_11,S5,declarative,False,0,none
10,s5_dec_12,S5,declarative,False,0,none
10,s5_dec_13,S5,declarative,False,0,none
10,s5_dec_14,S5,declarative,False,0,none
10,s5_ind_01,S5,indirect,False,0,none
10,s5_ind_02,S5,indirect,False,0,none
10,s5_ind_03,S5,indirect,False,0,none
10,s5_ind_04,S5,indirect,False,0,none
10,s5_ind_05,S5,indirect,False,0,none
10,s5_ind_06,S5,indirect,False,0,none
10,s5_ind_07,S5,indirect,False,0,none
10,s5_ind_08,S5,indirect,False,0,none
10,s5_ind_09,S5,indirect,False,0,none
10,s5_ind_10,S5,indirect,False,0,none
10,s6_rp_01,S6,roleplay,False,4,none
10,s6_rp_02,S6,roleplay,False,4,none
10,s6_rp_03,S6,roleplay,False,4,none
10,s6_rp_04,S6,roleplay,False,0,none
10,s6_rp_05,S6,roleplay,False,8,none
10,s6_rp_06,S6,roleplay,False,0,none
10,s6_rp_07,S6,roleplay,False,0,none
10,s6_rp_08,S6,roleplay,False,0,none
10,s6_enc_01,S6,encoding,False,4,none
10,s6_enc_02,S6,encoding,False,0,none
10,s6_enc_03,S6,encoding,False,4,none
10,s6_enc_04,S6,encoding,False,4,none
10,safe_01,SAFE,benign,False,0,none
10,safe_02,SAFE,benign,False,4,none
10,safe_03,SAFE,benign,False,4,none
10,safe_04,SAFE,benign,False,4,none
10,safe_05,SAFE,benign,False,0,none
10,safe_06,SAFE,benign,False,0,none
10,safe_07,SAFE,benign,False,4,none
10,safe_08,SAFE,benign,False,0,none
10,safe_09,SAFE,benign,False,0,none
10,safe_10,SAFE,benign,False,0,none
10,safe_11,SAFE,benign,False,0,none
10,safe_12,SAFE,benign,False,4,none
10,safe_13,SAFE,benign,False,0,none
10,safe_14,SAFE,benign,False,4,none
10,safe_15,SAFE,benign,False,0,none
10,safe_16,SAFE,benign,False,0,none
10,safe_17,SAFE,benign,False,4,none
10,safe_18,SAFE,benign,False,0,none
10,safe_19,SAFE,benign,False,0,none
10,safe_20,SAFE,benign,False,0,none
10,hn_p_01,SAFE,legit_prompt,True,8,none
10,hn_p_02,SAFE,legit_prompt,True,12,low
10,hn_p_03,SAFE,legit_prompt,True,4,none
10,hn_p_04,SAFE,legit_prompt,True,8,none
10,hn_p_05,SAFE,legit_prompt,True,12,low
10,hn_p_06,SAFE,legit_prompt,True,8,none
10,hn_p_07,SAFE,legit_prompt,True,8,none
10,hn_p_08,SAFE,legit_prompt,True,12,low
10,hn_d_01,SAFE,security_doc,False,0,none
10,hn_d_02,SAFE,security_doc,False,0,none
10,hn_d_03,SAFE,security_doc,False,0,none
10,hn_d_04,SAFE,security_doc,False,4,none
10,hn_d_05,SAFE,security_doc,False,0,none
10,hn_d_06,SAFE,security_doc,False,0,none
10,hn_d_07,SAFE,security_doc,False,4,none
10,hn_d_08,SAFE,security_doc,False,0,none
10,hn_t_01,SAFE,benign_template,True,6,none
10,hn_t_02,SAFE,benign_template,True,6,none
10,hn_t_03,SAFE,benign_template,True,6,none
10,hn_t_04,SAFE,benign_template,True,14,low
15,s5_imp_01,S5,imperative,False,0,none
15,s5_imp_02,S5,imperative,False,0,none
15,s5_imp_03,S5,imperative,False,4,none
15,s5_imp_04,S5,imperative,False,0,none
15,s5_imp_05,S5,imperative,False,0,none
15,s5_imp_06,S5,imperative,False,0,none
15,s5_imp_07,S5,imperative,False,0,none
15,s5_imp_08,S5,imperative,False,0,none
15,s5_imp_09,S5,imperative,False,4,none
15,s5_imp_10,S5,imperative,False,0,none
15,s5_imp_11,S5,imperative,False,0,none
15,s5_imp_12,S5,imperative,False,0,none
15,s5_imp_13,S5,imperative,False,0,none
15,s5_imp_14,S5,imperative,False,8,none
15,s5_imp_15,S5,imperative,False,0,none
15,s5_dec_01,S5,declarative,False,0,none
15,s5_dec_02,S5,declarative,False,0,none
15,s5_dec_03,S5,declarative,False,0,none
15,s5_dec_04,S5,declarative,False,0,none
15,s5_dec_05,S5,declarative,False,4,none
15,s5_dec_06,S5,declarative,False,0,none
15,s5_dec_07,S5,declarative,False,0,none
15,s5_dec_08,S5,declarative,False,0,none
15,s5_dec_09,S5,declarative,False,0,none
15,s5_dec_10,S5,declarative,False,0,none
15,s5_dec_11,S5,declarative,False,0,none
15,s5_dec_12,S5,declarative,False,0,none
15,s5_dec_13,S5,declarative,False,0,none
15,s5_dec_14,S5,declarative,False,0,none
15,s5_ind_01,S5,indirect,False,0,none
15,s5_ind_02,S5,indirect,False,0,none
15,s5_ind_03,S5,indirect,False,0,none
15,s5_ind_04,S5,indirect,False,0,none
15,s5_ind_05,S5,indirect,False,0,none
15,s5_ind_06,S5,indirect,False,0,none
15,s5_ind_07,S5,indirect,False,0,none
15,s5_ind_08,S5,indirect,False,0,none
15,s5_ind_09,S5,indirect,False,0,none
15,s5_ind_10,S5,indirect,False,0,none
15,s6_rp_01,S6,roleplay,False,4,none
15,s6_rp_02,S6,roleplay,False,4,none
15,s6_rp_03,S6,roleplay,False,4,none
15,s6_rp_04,S6,roleplay,False,0,none
15,s6_rp_05,S6,roleplay,False,8,none
15,s6_rp_06,S6,roleplay,False,0,none
15,s6_rp_07,S6,roleplay,False,0,none
15,s6_rp_08,S6,roleplay,False,0,none
15,s6_enc_01,S6,encoding,False,4,none
15,s6_enc_02,S6,encoding,False,0,none
15,s6_enc_03,S6,encoding,False,4,none
15,s6_enc_04,S6,encoding,False,4,none
15,safe_01,SAFE,benign,False,0,none
15,safe_02,SAFE,benign,False,4,none
15,safe_03,SAFE,benign,False,4,none
15,safe_04,SAFE,benign,False,4,none
15,safe_05,SAFE,benign,False,0,none
15,safe_06,SAFE,benign,False,0,none
15,safe_07,SAFE,benign,False,4,none
15,safe_08,SAFE,benign,False,0,none
15,safe_09,SAFE,benign,False,0,none
15,safe_10,SAFE,benign,False,0,none
15,safe_11,SAFE,benign,False,0,none
15,safe_12,SAFE,benign,False,4,none
15,safe_13,SAFE,benign,False,0,none
15,safe_14,SAFE,benign,False,4,none
15,safe_15,SAFE,benign,False,0,none
15,safe_16,SAFE,benign,False,0,none
15,safe_17,SAFE,benign,False,4,none
15,safe_18,SAFE,benign,False,0,none
15,safe_19,SAFE,benign,False,0,none
15,safe_20,SAFE,benign,False,0,none
15,hn_p_01,SAFE,legit_prompt,True,8,none
15,hn_p_02,SAFE,legit_prompt,True,12,none
15,hn_p_03,SAFE,legit_prompt,True,4,none
15,hn_p_04,SAFE,legit_prompt,True,8,none
15,hn_p_05,SAFE,legit_prompt,True,12,none
15,hn_p_06,SAFE,legit_prompt,True,8,none
15,hn_p_07,SAFE,legit_prompt,True,8,none
15,hn_p_08,SAFE,legit_prompt,True,12,none
15,hn_d_01,SAFE,security_doc,False,0,none
15,hn_d_02,SAFE,security_doc,False,0,none
15,hn_d_03,SAFE,security_doc,False,0,none
15,hn_d_04,SAFE,security_doc,False,4,none
15,hn_d_05,SAFE,security_doc,False,0,none
15,hn_d_06,SAFE,security_doc,False,0,none
15,hn_d_07,SAFE,security_doc,False,4,none
15,hn_d_08,SAFE,security_doc,False,0,none
15,hn_t_01,SAFE,benign_template,True,6,none
15,hn_t_02,SAFE,benign_template,True,6,none
15,hn_t_03,SAFE,benign_template,True,6,none
15,hn_t_04,SAFE,benign_template,True,14,none
20,s5_imp_01,S5,imperative,False,0,none
20,s5_imp_02,S5,imperative,False,0,none
20,s5_imp_03,S5,imperative,False,4,none
20,s5_imp_04,S5,imperative,False,0,none
20,s5_imp_05,S5,imperative,False,0,none
20,s5_imp_06,S5,imperative,False,0,none
20,s5_imp_07,S5,imperative,False,0,none
20,s5_imp_08,S5,imperative,False,0,none
20,s5_imp_09,S5,imperative,False,4,none
20,s5_imp_10,S5,imperative,False,0,none
20,s5_imp_11,S5,imperative,False,0,none
20,s5_imp_12,S5,imperative,False,0,none
20,s5_imp_13,S5,imperative,False,0,none
20,s5_imp_14,S5,imperative,False,8,none
20,s5_imp_15,S5,imperative,False,0,none
20,s5_dec_01,S5,declarative,False,0,none
20,s5_dec_02,S5,declarative,False,0,none
20,s5_dec_03,S5,declarative,False,0,none
20,s5_dec_04,S5,declarative,False,0,none
20,s5_dec_05,S5,declarative,False,4,none
20,s5_dec_06,S5,declarative,False,0,none
20,s5_dec_07,S5,declarative,False,0,none
20,s5_dec_08,S5,declarative,False,0,none
20,s5_dec_09,S5,declarative,False,0,none
20,s5_dec_10,S5,declarative,False,0,none
20,s5_dec_11,S5,declarative,False,0,none
20,s5_dec_12,S5,declarative,False,0,none
20,s5_dec_13,S5,declarative,False,0,none
20,s5_dec_14,S5,declarative,False,0,none
20,s5_ind_01,S5,indirect,False,0,none
20,s5_ind_02,S5,indirect,False,0,none
20,s5_ind_03,S5,indirect,False,0,none
20,s5_ind_04,S5,indirect,False,0,none
20,s5_ind_05,S5,indirect,False,0,none
20,s5_ind_06,S5,indirect,False,0,none
20,s5_ind_07,S5,indirect,False,0,none
20,s5_ind_08,S5,indirect,False,0,none
20,s5_ind_09,S5,indirect,False,0,none
20,s5_ind_10,S5,indirect,False,0,none
20,s6_rp_01,S6,roleplay,False,4,none
20,s6_rp_02,S6,roleplay,False,4,none
20,s6_rp_03,S6,roleplay,False,4,none
20,s6_rp_04,S6,roleplay,False,0,none
20,s6_rp_05,S6,roleplay,False,8,none
20,s6_rp_06,S6,roleplay,False,0,none
20,s6_rp_07,S6,roleplay,False,0,none
20,s6_rp_08,S6,roleplay,False,0,none
20,s6_enc_01,S6,encoding,False,4,none
20,s6_enc_02,S6,encoding,False,0,none
20,s6_enc_03,S6,encoding,False,4,none
20,s6_enc_04,S6,encoding,False,4,none
20,safe_01,SAFE,benign,False,0,none
20,safe_02,SAFE,benign,False,4,none
20,safe_03,SAFE,benign,False,4,none
20,safe_04,SAFE,benign,False,4,none
20,safe_05,SAFE,benign,False,0,none
20,safe_06,SAFE,benign,False,0,none
20,safe_07,SAFE,benign,False,4,none
20,safe_08,SAFE,benign,False,0,none
20,safe_09,SAFE,benign,False,0,none
20,safe_10,SAFE,benign,False,0,none
20,safe_11,SAFE,benign,False,0,none
20,safe_12,SAFE,benign,False,4,none
20,safe_13,SAFE,benign,False,0,none
20,safe_14,SAFE,benign,False,4,none
20,safe_15,SAFE,benign,False,0,none
20,safe_16,SAFE,benign,False,0,none
20,safe_17,SAFE,benign,False,4,none
20,safe_18,SAFE,benign,False,0,none
20,safe_19,SAFE,benign,False,0,none
20,safe_20,SAFE,benign,False,0,none
20,hn_p_01,SAFE,legit_prompt,True,8,none
20,hn_p_02,SAFE,legit_prompt,True,12,none
20,hn_p_03,SAFE,legit_prompt,True,4,none
20,hn_p_04,SAFE,legit_prompt,True,8,none
20,hn_p_05,SAFE,legit_prompt,True,12,none
20,hn_p_06,SAFE,legit_prompt,True,8,none
20,hn_p_07,SAFE,legit_prompt,True,8,none
20,hn_p_08,SAFE,legit_prompt,True,12,none
20,hn_d_01,SAFE,security_doc,False,0,none
20,hn_d_02,SAFE,security_doc,False,0,none
20,hn_d_03,SAFE,security_doc,False,0,none
20,hn_d_04,SAFE,security_doc,False,4,none
20,hn_d_05,SAFE,security_doc,False,0,none
20,hn_d_06,SAFE,security_doc,False,0,none
20,hn_d_07,SAFE,security_doc,False,4,none
20,hn_d_08,SAFE,security_doc,False,0,none
20,hn_t_01,SAFE,benign_template,True,6,none
20,hn_t_02,SAFE,benign_template,True,6,none
20,hn_t_03,SAFE,benign_template,True,6,none
20,hn_t_04,SAFE,benign_template,True,14,none
25,s5_imp_01,S5,imperative,False,0,none
25,s5_imp_02,S5,imperative,False,0,none
25,s5_imp_03,S5,imperative,False,4,none
25,s5_imp_04,S5,imperative,False,0,none
25,s5_imp_05,S5,imperative,False,0,none
25,s5_imp_06,S5,imperative,False,0,none
25,s5_imp_07,S5,imperative,False,0,none
25,s5_imp_08,S5,imperative,False,0,none
25,s5_imp_09,S5,imperative,False,4,none
25,s5_imp_10,S5,imperative,False,0,none
25,s5_imp_11,S5,imperative,False,0,none
25,s5_imp_12,S5,imperative,False,0,none
25,s5_imp_13,S5,imperative,False,0,none
25,s5_imp_14,S5,imperative,False,8,none
25,s5_imp_15,S5,imperative,False,0,none
25,s5_dec_01,S5,declarative,False,0,none
25,s5_dec_02,S5,declarative,False,0,none
25,s5_dec_03,S5,declarative,False,0,none
25,s5_dec_04,S5,declarative,False,0,none
25,s5_dec_05,S5,declarative,False,4,none
25,s5_dec_06,S5,declarative,False,0,none
25,s5_dec_07,S5,declarative,False,0,none
25,s5_dec_08,S5,declarative,False,0,none
25,s5_dec_09,S5,declarative,False,0,none
25,s5_dec_10,S5,declarative,False,0,none
25,s5_dec_11,S5,declarative,False,0,none
25,s5_dec_12,S5,declarative,False,0,none
25,s5_dec_13,S5,declarative,False,0,none
25,s5_dec_14,S5,declarative,False,0,none
25,s5_ind_01,S5,indirect,False,0,none
25,s5_ind_02,S5,indirect,False,0,none
25,s5_ind_03,S5,indirect,False,0,none
25,s5_ind_04,S5,indirect,False,0,none
25,s5_ind_05,S5,indirect,False,0,none
25,s5_ind_06,S5,indirect,False,0,none
25,s5_ind_07,S5,indirect,False,0,none
25,s5_ind_08,S5,indirect,False,0,none
25,s5_ind_09,S5,indirect,False,0,none
25,s5_ind_10,S5,indirect,False,0,none
25,s6_rp_01,S6,roleplay,False,4,none
25,s6_rp_02,S6,roleplay,False,4,none
25,s6_rp_03,S6,roleplay,False,4,none
25,s6_rp_04,S6,roleplay,False,0,none
25,s6_rp_05,S6,roleplay,False,8,none
25,s6_rp_06,S6,roleplay,False,0,none
25,s6_rp_07,S6,roleplay,False,0,none
25,s6_rp_08,S6,roleplay,False,0,none
25,s6_enc_01,S6,encoding,False,4,none
25,s6_enc_02,S6,encoding,False,0,none
25,s6_enc_03,S6,encoding,False,4,none
25,s6_enc_04,S6,encoding,False,4,none
25,safe_01,SAFE,benign,False,0,none
25,safe_02,SAFE,benign,False,4,none
25,safe_03,SAFE,benign,False,4,none
25,safe_04,SAFE,benign,False,4,none
25,safe_05,SAFE,benign,False,0,none
25,safe_06,SAFE,benign,False,0,none
25,safe_07,SAFE,benign,False,4,none
25,safe_08,SAFE,benign,False,0,none
25,safe_09,SAFE,benign,False,0,none
25,safe_10,SAFE,benign,False,0,none
25,safe_11,SAFE,benign,False,0,none
25,safe_12,SAFE,benign,False,4,none
25,safe_13,SAFE,benign,False,0,none
25,safe_14,SAFE,benign,False,4,none
25,safe_15,SAFE,benign,False,0,none
25,safe_16,SAFE,benign,False,0,none
25,safe_17,SAFE,benign,False,4,none
25,safe_18,SAFE,benign,False,0,none
25,safe_19,SAFE,benign,False,0,none
25,safe_20,SAFE,benign,False,0,none
25,hn_p_01,SAFE,legit_prompt,True,8,none
25,hn_p_02,SAFE,legit_prompt,True,12,none
25,hn_p_03,SAFE,legit_prompt,True,4,none
25,hn_p_04,SAFE,legit_prompt,True,8,none
25,hn_p_05,SAFE,legit_prompt,True,12,none
25,hn_p_06,SAFE,legit_prompt,True,8,none
25,hn_p_07,SAFE,legit_prompt,True,8,none
25,hn_p_08,SAFE,legit_prompt,True,12,none
25,hn_d_01,SAFE,security_doc,False,0,none
25,hn_d_02,SAFE,security_doc,False,0,none
25,hn_d_03,SAFE,security_doc,False,0,none
25,hn_d_04,SAFE,security_doc,False,4,none
25,hn_d_05,SAFE,security_doc,False,0,none
25,hn_d_06,SAFE,security_doc,False,0,none
25,hn_d_07,SAFE,security_doc,False,4,none
25,hn_d_08,SAFE,security_doc,False,0,none
25,hn_t_01,SAFE,benign_template,True,6,none
25,hn_t_02,SAFE,benign_template,True,6,none
25,hn_t_03,SAFE,benign_template,True,6,none
25,hn_t_04,SAFE,benign_template,True,14,none
30,s5_imp_01,S5,imperative,False,0,none
30,s5_imp_02,S5,imperative,False,0,none
30,s5_imp_03,S5,imperative,False,4,none
30,s5_imp_04,S5,imperative,False,0,none
30,s5_imp_05,S5,imperative,False,0,none
30,s5_imp_06,S5,imperative,False,0,none
30,s5_imp_07,S5,imperative,False,0,none
30,s5_imp_08,S5,imperative,False,0,none
30,s5_imp_09,S5,imperative,False,4,none
30,s5_imp_10,S5,imperative,False,0,none
30,s5_imp_11,S5,imperative,False,0,none
30,s5_imp_12,S5,imperative,False,0,none
30,s5_imp_13,S5,imperative,False,0,none
30,s5_imp_14,S5,imperative,False,8,none
30,s5_imp_15,S5,imperative,False,0,none
30,s5_dec_01,S5,declarative,False,0,none
30,s5_dec_02,S5,declarative,False,0,none
30,s5_dec_03,S5,declarative,False,0,none
30,s5_dec_04,S5,declarative,False,0,none
30,s5_dec_05,S5,declarative,False,4,none
30,s5_dec_06,S5,declarative,False,0,none
30,s5_dec_07,S5,declarative,False,0,none
30,s5_dec_08,S5,declarative,False,0,none
30,s5_dec_09,S5,declarative,False,0,none
30,s5_dec_10,S5,declarative,False,0,none
30,s5_dec_11,S5,declarative,False,0,none
30,s5_dec_12,S5,declarative,False,0,none
30,s5_dec_13,S5,declarative,False,0,none
30,s5_dec_14,S5,declarative,False,0,none
30,s5_ind_01,S5,indirect,False,0,none
30,s5_ind_02,S5,indirect,False,0,none
30,s5_ind_03,S5,indirect,False,0,none
30,s5_ind_04,S5,indirect,False,0,none
30,s5_ind_05,S5,indirect,False,0,none
30,s5_ind_06,S5,indirect,False,0,none
30,s5_ind_07,S5,indirect,False,0,none
30,s5_ind_08,S5,indirect,False,0,none
30,s5_ind_09,S5,indirect,False,0,none
30,s5_ind_10,S5,indirect,False,0,none
30,s6_rp_01,S6,roleplay,False,4,none
30,s6_rp_02,S6,roleplay,False,4,none
30,s6_rp_03,S6,roleplay,False,4,none
30,s6_rp_04,S6,roleplay,False,0,none
30,s6_rp_05,S6,roleplay,False,8,none
30,s6_rp_06,S6,roleplay,False,0,none
30,s6_rp_07,S6,roleplay,False,0,none
30,s6_rp_08,S6,roleplay,False,0,none
30,s6_enc_01,S6,encoding,False,4,none
30,s6_enc_02,S6,encoding,False,0,none
30,s6_enc_03,S6,encoding,False,4,none
30,s6_enc_04,S6,encoding,False,4,none
30,safe_01,SAFE,benign,False,0,none
30,safe_02,SAFE,benign,False,4,none
30,safe_03,SAFE,benign,False,4,none
30,safe_04,SAFE,benign,False,4,none
30,safe_05,SAFE,benign,False,0,none
30,safe_06,SAFE,benign,False,0,none
30,safe_07,SAFE,benign,False,4,none
30,safe_08,SAFE,benign,False,0,none
30,safe_09,SAFE,benign,False,0,none
30,safe_10,SAFE,benign,False,0,none
30,safe_11,SAFE,benign,False,0,none
30,safe_12,SAFE,benign,False,4,none
30,safe_13,SAFE,benign,False,0,none
30,safe_14,SAFE,benign,False,4,none
30,safe_15,SAFE,benign,False,0,none
30,safe_16,SAFE,benign,False,0,none
30,safe_17,SAFE,benign,False,4,none
30,safe_18,SAFE,benign,False,0,none
30,safe_19,SAFE,benign,False,0,none
30,safe_20,SAFE,benign,False,0,none
30,hn_p_01,SAFE,legit_prompt,True,8,none
30,hn_p_02,SAFE,legit_prompt,True,12,none
30,hn_p_03,SAFE,legit_prompt,True,4,none
30,hn_p_04,SAFE,legit_prompt,True,8,none
30,hn_p_05,SAFE,legit_prompt,True,12,none
30,hn_p_06,SAFE,legit_prompt,True,8,none
30,hn_p_07,SAFE,legit_prompt,True,8,none
30,hn_p_08,SAFE,legit_prompt,True,12,none
30,hn_d_01,SAFE,security_doc,False,0,none
30,hn_d_02,SAFE,security_doc,False,0,none
30,hn_d_03,SAFE,security_doc,False,0,none
30,hn_d_04,SAFE,security_doc,False,4,none
30,hn_d_05,SAFE,security_doc,False,0,none
30,hn_d_06,SAFE,security_doc,False,0,none
30,hn_d_07,SAFE,security_doc,False,4,none
30,hn_d_08,SAFE,security_doc,False,0,none
30,hn_t_01,SAFE,benign_template,True,6,none
30,hn_t_02,SAFE,benign_template,True,6,none
30,hn_t_03,SAFE,benign_template,True,6,none
30,hn_t_04,SAFE,benign_template,True,14,none
40,s5_imp_01,S5,imperative,False,0,none
40,s5_imp_02,S5,imperative,False,0,none
40,s5_imp_03,S5,imperative,False,4,none
40,s5_imp_04,S5,imperative,False,0,none
40,s5_imp_05,S5,imperative,False,0,none
40,s5_imp_06,S5,imperative,False,0,none
40,s5_imp_07,S5,imperative,False,0,none
40,s5_imp_08,S5,imperative,False,0,none
40,s5_imp_09,S5,imperative,False,4,none
40,s5_imp_10,S5,imperative,False,0,none
40,s5_imp_11,S5,imperative,False,0,none
40,s5_imp_12,S5,imperative,False,0,none
40,s5_imp_13,S5,imperative,False,0,none
40,s5_imp_14,S5,imperative,False,8,none
40,s5_imp_15,S5,imperative,False,0,none
40,s5_dec_01,S5,declarative,False,0,none
40,s5_dec_02,S5,declarative,False,0,none
40,s5_dec_03,S5,declarative,False,0,none
40,s5_dec_04,S5,declarative,False,0,none
40,s5_dec_05,S5,declarative,False,4,none
40,s5_dec_06,S5,declarative,False,0,none
40,s5_dec_07,S5,declarative,False,0,none
40,s5_dec_08,S5,declarative,False,0,none
40,s5_dec_09,S5,declarative,False,0,none
40,s5_dec_10,S5,declarative,False,0,none
40,s5_dec_11,S5,declarative,False,0,none
40,s5_dec_12,S5,declarative,False,0,none
40,s5_dec_13,S5,declarative,False,0,none
40,s5_dec_14,S5,declarative,False,0,none
40,s5_ind_01,S5,indirect,False,0,none
40,s5_ind_02,S5,indirect,False,0,none
40,s5_ind_03,S5,indirect,False,0,none
40,s5_ind_04,S5,indirect,False,0,none
40,s5_ind_05,S5,indirect,False,0,none
40,s5_ind_06,S5,indirect,False,0,none
40,s5_ind_07,S5,indirect,False,0,none
40,s5_ind_08,S5,indirect,False,0,none
40,s5_ind_09,S5,indirect,False,0,none
40,s5_ind_10,S5,indirect,False,0,none
40,s6_rp_01,S6,roleplay,False,4,none
40,s6_rp_02,S6,roleplay,False,4,none
40,s6_rp_03,S6,roleplay,False,4,none
40,s6_rp_04,S6,roleplay,False,0,none
40,s6_rp_05,S6,roleplay,False,8,none
40,s6_rp_06,S6,roleplay,False,0,none
40,s6_rp_07,S6,roleplay,False,0,none
40,s6_rp_08,S6,roleplay,False,0,none
40,s6_enc_01,S6,encoding,False,4,none
40,s6_enc_02,S6,encoding,False,0,none
40,s6_enc_03,S6,encoding,False,4,none
40,s6_enc_04,S6,encoding,False,4,none
40,safe_01,SAFE,benign,False,0,none
40,safe_02,SAFE,benign,False,4,none
40,safe_03,SAFE,benign,False,4,none
40,safe_04,SAFE,benign,False,4,none
40,safe_05,SAFE,benign,False,0,none
40,safe_06,SAFE,benign,False,0,none
40,safe_07,SAFE,benign,False,4,none
40,safe_08,SAFE,benign,False,0,none
40,safe_09,SAFE,benign,False,0,none
40,safe_10,SAFE,benign,False,0,none
40,safe_11,SAFE,benign,False,0,none
40,safe_12,SAFE,benign,False,4,none
40,safe_13,SAFE,benign,False,0,none
40,safe_14,SAFE,benign,False,4,none
40,safe_15,SAFE,benign,False,0,none
40,safe_16,SAFE,benign,False,0,none
40,safe_17,SAFE,benign,False,4,none
40,safe_18,SAFE,benign,False,0,none
40,safe_19,SAFE,benign,False,0,none
40,safe_20,SAFE,benign,False,0,none
40,hn_p_01,SAFE,legit_prompt,True,8,none
40,hn_p_02,SAFE,legit_prompt,True,12,none
40,hn_p_03,SAFE,legit_prompt,True,4,none
40,hn_p_04,SAFE,legit_prompt,True,8,none
40,hn_p_05,SAFE,legit_prompt,True,12,none
40,hn_p_06,SAFE,legit_prompt,True,8,none
40,hn_p_07,SAFE,legit_prompt,True,8,none
40,hn_p_08,SAFE,legit_prompt,True,12,none
40,hn_d_01,SAFE,security_doc,False,0,none
40,hn_d_02,SAFE,security_doc,False,0,none
40,hn_d_03,SAFE,security_doc,False,0,none
40,hn_d_04,SAFE,security_doc,False,4,none
40,hn_d_05,SAFE,security_doc,False,0,none
40,hn_d_06,SAFE,security_doc,False,0,none
40,hn_d_07,SAFE,security_doc,False,4,none
40,hn_d_08,SAFE,security_doc,False,0,none
40,hn_t_01,SAFE,benign_template,True,6,none
40,hn_t_02,SAFE,benign_template,True,6,none
40,hn_t_03,SAFE,benign_template,True,6,none
40,hn_t_04,SAFE,benign_template,True,14,none
50,s5_imp_01,S5,imperative,False,0,none
50,s5_imp_02,S5,imperative,False,0,none
50,s5_imp_03,S5,imperative,False,4,none
50,s5_imp_04,S5,imperative,False,0,none
50,s5_imp_05,S5,imperative,False,0,none
50,s5_imp_06,S5,imperative,False,0,none
50,s5_imp_07,S5,imperative,False,0,none
50,s5_imp_08,S5,imperative,False,0,none
50,s5_imp_09,S5,imperative,False,4,none
50,s5_imp_10,S5,imperative,False,0,none
50,s5_imp_11,S5,imperative,False,0,none
50,s5_imp_12,S5,imperative,False,0,none
50,s5_imp_13,S5,imperative,False,0,none
50,s5_imp_14,S5,imperative,False,8,none
50,s5_imp_15,S5,imperative,False,0,none
50,s5_dec_01,S5,declarative,False,0,none
50,s5_dec_02,S5,declarative,False,0,none
50,s5_dec_03,S5,declarative,False,0,none
50,s5_dec_04,S5,declarative,False,0,none
50,s5_dec_05,S5,declarative,False,4,none
50,s5_dec_06,S5,declarative,False,0,none
50,s5_dec_07,S5,declarative,False,0,none
50,s5_dec_08,S5,declarative,False,0,none
50,s5_dec_09,S5,declarative,False,0,none
50,s5_dec_10,S5,declarative,False,0,none
50,s5_dec_11,S5,declarative,False,0,none
50,s5_dec_12,S5,declarative,False,0,none
50,s5_dec_13,S5,declarative,False,0,none
50,s5_dec_14,S5,declarative,False,0,none
50,s5_ind_01,S5,indirect,False,0,none
50,s5_ind_02,S5,indirect,False,0,none
50,s5_ind_03,S5,indirect,False,0,none
50,s5_ind_04,S5,indirect,False,0,none
50,s5_ind_05,S5,indirect,False,0,none
50,s5_ind_06,S5,indirect,False,0,none
50,s5_ind_07,S5,indirect,False,0,none
50,s5_ind_08,S5,indirect,False,0,none
50,s5_ind_09,S5,indirect,False,0,none
50,s5_ind_10,S5,indirect,False,0,none
50,s6_rp_01,S6,roleplay,False,4,none
50,s6_rp_02,S6,roleplay,False,4,none
50,s6_rp_03,S6,roleplay,False,4,none
50,s6_rp_04,S6,roleplay,False,0,none
50,s6_rp_05,S6,roleplay,False,8,none
50,s6_rp_06,S6,roleplay,False,0,none
50,s6_rp_07,S6,roleplay,False,0,none
50,s6_rp_08,S6,roleplay,False,0,none
50,s6_enc_01,S6,encoding,False,4,none
50,s6_enc_02,S6,encoding,False,0,none
50,s6_enc_03,S6,encoding,False,4,none
50,s6_enc_04,S6,encoding,False,4,none
50,safe_01,SAFE,benign,False,0,none
50,safe_02,SAFE,benign,False,4,none
50,safe_03,SAFE,benign,False,4,none
50,safe_04,SAFE,benign,False,4,none
50,safe_05,SAFE,benign,False,0,none
50,safe_06,SAFE,benign,False,0,none
50,safe_07,SAFE,benign,False,4,none
50,safe_08,SAFE,benign,False,0,none
50,safe_09,SAFE,benign,False,0,none
50,safe_10,SAFE,benign,False,0,none
50,safe_11,SAFE,benign,False,0,none
50,safe_12,SAFE,benign,False,4,none
50,safe_13,SAFE,benign,False,0,none
50,safe_14,SAFE,benign,False,4,none
50,safe_15,SAFE,benign,False,0,none
50,safe_16,SAFE,benign,False,0,none
50,safe_17,SAFE,benign,False,4,none
50,safe_18,SAFE,benign,False,0,none
50,safe_19,SAFE,benign,False,0,none
50,safe_20,SAFE,benign,False,0,none
50,hn_p_01,SAFE,legit_prompt,True,8,none
50,hn_p_02,SAFE,legit_prompt,True,12,none
50,hn_p_03,SAFE,legit_prompt,True,4,none
50,hn_p_04,SAFE,legit_prompt,True,8,none
50,hn_p_05,SAFE,legit_prompt,True,12,none
50,hn_p_06,SAFE,legit_prompt,True,8,none
50,hn_p_07,SAFE,legit_prompt,True,8,none
50,hn_p_08,SAFE,legit_prompt,True,12,none
50,hn_d_01,SAFE,security_doc,False,0,none
50,hn_d_02,SAFE,security_doc,False,0,none
50,hn_d_03,SAFE,security_doc,False,0,none
50,hn_d_04,SAFE,security_doc,False,4,none
50,hn_d_05,SAFE,security_doc,False,0,none
50,hn_d_06,SAFE,security_doc,False,0,none
50,hn_d_07,SAFE,security_doc,False,4,none
50,hn_d_08,SAFE,security_doc,False,0,none
50,hn_t_01,SAFE,benign_template,True,6,none
50,hn_t_02,SAFE,benign_template,True,6,none
50,hn_t_03,SAFE,benign_template,True,6,none
50,hn_t_04,SAFE,benign_template,True,14,none
70,s5_imp_01,S5,imperative,False,0,none
70,s5_imp_02,S5,imperative,False,0,none
70,s5_imp_03,S5,imperative,False,4,none
70,s5_imp_04,S5,imperative,False,0,none
70,s5_imp_05,S5,imperative,False,0,none
70,s5_imp_06,S5,imperative,False,0,none
70,s5_imp_07,S5,imperative,False,0,none
70,s5_imp_08,S5,imperative,False,0,none
70,s5_imp_09,S5,imperative,False,4,none
70,s5_imp_10,S5,imperative,False,0,none
70,s5_imp_11,S5,imperative,False,0,none
70,s5_imp_12,S5,imperative,False,0,none
70,s5_imp_13,S5,imperative,False,0,none
70,s5_imp_14,S5,imperative,False,8,none
70,s5_imp_15,S5,imperative,False,0,none
70,s5_dec_01,S5,declarative,False,0,none
70,s5_dec_02,S5,declarative,False,0,none
70,s5_dec_03,S5,declarative,False,0,none
70,s5_dec_04,S5,declarative,False,0,none
70,s5_dec_05,S5,declarative,False,4,none
70,s5_dec_06,S5,declarative,False,0,none
70,s5_dec_07,S5,declarative,False,0,none
70,s5_dec_08,S5,declarative,False,0,none
70,s5_dec_09,S5,declarative,False,0,none
70,s5_dec_10,S5,declarative,False,0,none
70,s5_dec_11,S5,declarative,False,0,none
70,s5_dec_12,S5,declarative,False,0,none
70,s5_dec_13,S5,declarative,False,0,none
70,s5_dec_14,S5,declarative,False,0,none
70,s5_ind_01,S5,indirect,False,0,none
70,s5_ind_02,S5,indirect,False,0,none
70,s5_ind_03,S5,indirect,False,0,none
70,s5_ind_04,S5,indirect,False,0,none
70,s5_ind_05,S5,indirect,False,0,none
70,s5_ind_06,S5,indirect,False,0,none
70,s5_ind_07,S5,indirect,False,0,none
70,s5_ind_08,S5,indirect,False,0,none
70,s5_ind_09,S5,indirect,False,0,none
70,s5_ind_10,S5,indirect,False,0,none
70,s6_rp_01,S6,roleplay,False,4,none
70,s6_rp_02,S6,roleplay,False,4,none
70,s6_rp_03,S6,roleplay,False,4,none
70,s6_rp_04,S6,roleplay,False,0,none
70,s6_rp_05,S6,roleplay,False,8,none
70,s6_rp_06,S6,roleplay,False,0,none
70,s6_rp_07,S6,roleplay,False,0,none
70,s6_rp_08,S6,roleplay,False,0,none
70,s6_enc_01,S6,encoding,False,4,none
70,s6_enc_02,S6,encoding,False,0,none
70,s6_enc_03,S6,encoding,False,4,none
70,s6_enc_04,S6,encoding,False,4,none
70,safe_01,SAFE,benign,False,0,none
70,safe_02,SAFE,benign,False,4,none
70,safe_03,SAFE,benign,False,4,none
70,safe_04,SAFE,benign,False,4,none
70,safe_05,SAFE,benign,False,0,none
70,safe_06,SAFE,benign,False,0,none
70,safe_07,SAFE,benign,False,4,none
70,safe_08,SAFE,benign,False,0,none
70,safe_09,SAFE,benign,False,0,none
70,safe_10,SAFE,benign,False,0,none
70,safe_11,SAFE,benign,False,0,none
70,safe_12,SAFE,benign,False,4,none
70,safe_13,SAFE,benign,False,0,none
70,safe_14,SAFE,benign,False,4,none
70,safe_15,SAFE,benign,False,0,none
70,safe_16,SAFE,benign,False,0,none
70,safe_17,SAFE,benign,False,4,none
70,safe_18,SAFE,benign,False,0,none
70,safe_19,SAFE,benign,False,0,none
70,safe_20,SAFE,benign,False,0,none
70,hn_p_01,SAFE,legit_prompt,True,8,none
70,hn_p_02,SAFE,legit_prompt,True,12,none
70,hn_p_03,SAFE,legit_prompt,True,4,none
70,hn_p_04,SAFE,legit_prompt,True,8,none
70,hn_p_05,SAFE,legit_prompt,True,12,none
70,hn_p_06,SAFE,legit_prompt,True,8,none
70,hn_p_07,SAFE,legit_prompt,True,8,none
70,hn_p_08,SAFE,legit_prompt,True,12,none
70,hn_d_01,SAFE,security_doc,False,0,none
70,hn_d_02,SAFE,security_doc,False,0,none
70,hn_d_03,SAFE,security_doc,False,0,none
70,hn_d_04,SAFE,security_doc,False,4,none
70,hn_d_05,SAFE,security_doc,False,0,none
70,hn_d_06,SAFE,security_doc,False,0,none
70,hn_d_07,SAFE,security_doc,False,4,none
70,hn_d_08,SAFE,security_doc,False,0,none
70,hn_t_01,SAFE,benign_template,True,6,none
70,hn_t_02,SAFE,benign_template,True,6,none
70,hn_t_03,SAFE,benign_template,True,6,none
70,hn_t_04,SAFE,benign_template,True,14,none
100,s5_imp_01,S5,imperative,False,0,none
100,s5_imp_02,S5,imperative,False,0,none
100,s5_imp_03,S5,imperative,False,4,none
100,s5_imp_04,S5,imperative,False,0,none
100,s5_imp_05,S5,imperative,False,0,none
100,s5_imp_06,S5,imperative,False,0,none
100,s5_imp_07,S5,imperative,False,0,none
100,s5_imp_08,S5,imperative,False,0,none
100,s5_imp_09,S5,imperative,False,4,none
100,s5_imp_10,S5,imperative,False,0,none
100,s5_imp_11,S5,imperative,False,0,none
100,s5_imp_12,S5,imperative,False,0,none
100,s5_imp_13,S5,imperative,False,0,none
100,s5_imp_14,S5,imperative,False,8,none
100,s5_imp_15,S5,imperative,False,0,none
100,s5_dec_01,S5,declarative,False,0,none
100,s5_dec_02,S5,declarative,False,0,none
100,s5_dec_03,S5,declarative,False,0,none
100,s5_dec_04,S5,declarative,False,0,none
100,s5_dec_05,S5,declarative,False,4,none
100,s5_dec_06,S5,declarative,False,0,none
100,s5_dec_07,S5,declarative,False,0,none
100,s5_dec_08,S5,declarative,False,0,none
100,s5_dec_09,S5,declarative,False,0,none
100,s5_dec_10,S5,declarative,False,0,none
100,s5_dec_11,S5,declarative,False,0,none
100,s5_dec_12,S5,declarative,False,0,none
100,s5_dec_13,S5,declarative,False,0,none
100,s5_dec_14,S5,declarative,False,0,none
100,s5_ind_01,S5,indirect,False,0,none
100,s5_ind_02,S5,indirect,False,0,none
100,s5_ind_03,S5,indirect,False,0,none
100,s5_ind_04,S5,indirect,False,0,none
100,s5_ind_05,S5,indirect,False,0,none
100,s5_ind_06,S5,indirect,False,0,none
100,s5_ind_07,S5,indirect,False,0,none
100,s5_ind_08,S5,indirect,False,0,none
100,s5_ind_09,S5,indirect,False,0,none
100,s5_ind_10,S5,indirect,False,0,none
100,s6_rp_01,S6,roleplay,False,4,none
100,s6_rp_02,S6,roleplay,False,4,none
100,s6_rp_03,S6,roleplay,False,4,none
100,s6_rp_04,S6,roleplay,False,0,none
100,s6_rp_05,S6,roleplay,False,8,none
100,s6_rp_06,S6,roleplay,False,0,none
100,s6_rp_07,S6,roleplay,False,0,none
100,s6_rp_08,S6,roleplay,False,0,none
100,s6_enc_01,S6,encoding,False,4,none
100,s6_enc_02,S6,encoding,False,0,none
100,s6_enc_03,S6,encoding,False,4,none
100,s6_enc_04,S6,encoding,False,4,none
100,safe_01,SAFE,benign,False,0,none
100,safe_02,SAFE,benign,False,4,none
100,safe_03,SAFE,benign,False,4,none
100,safe_04,SAFE,benign,False,4,none
100,safe_05,SAFE,benign,False,0,none
100,safe_06,SAFE,benign,False,0,none
100,safe_07,SAFE,benign,False,4,none
100,safe_08,SAFE,benign,False,0,none
100,safe_09,SAFE,benign,False,0,none
100,safe_10,SAFE,benign,False,0,none
100,safe_11,SAFE,benign,False,0,none
100,safe_12,SAFE,benign,False,4,none
100,safe_13,SAFE,benign,False,0,none
100,safe_14,SAFE,benign,False,4,none
100,safe_15,SAFE,benign,False,0,none
100,safe_16,SAFE,benign,False,0,none
100,safe_17,SAFE,benign,False,4,none
100,safe_18,SAFE,benign,False,0,none
100,safe_19,SAFE,benign,False,0,none
100,safe_20,SAFE,benign,False,0,none
100,hn_p_01,SAFE,legit_prompt,True,8,none
100,hn_p_02,SAFE,legit_prompt,True,12,none
100,hn_p_03,SAFE,legit_prompt,True,4,none
100,hn_p_04,SAFE,legit_prompt,True,8,none
100,hn_p_05,SAFE,legit_prompt,True,12,none
100,hn_p_06,SAFE,legit_prompt,True,8,none
100,hn_p_07,SAFE,legit_prompt,True,8,none
100,hn_p_08,SAFE,legit_prompt,True,12,none
100,hn_d_01,SAFE,security_doc,False,0,none
100,hn_d_02,SAFE,security_doc,False,0,none
100,hn_d_03,SAFE,security_doc,False,0,none
100,hn_d_04,SAFE,security_doc,False,4,none
100,hn_d_05,SAFE,security_doc,False,0,none
100,hn_d_06,SAFE,security_doc,False,0,none
100,hn_d_07,SAFE,security_doc,False,4,none
100,hn_d_08,SAFE,security_doc,False,0,none
100,hn_t_01,SAFE,benign_template,True,6,none
100,hn_t_02,SAFE,benign_template,True,6,none
100,hn_t_03,SAFE,benign_template,True,6,none
100,hn_t_04,SAFE,benign_template,True,14,none
