config_id,w_role_message,w_framework_construct,w_prompt_var_name,w_yaml_key,w_md_heading,w_structural_corroboration,w_linguistic_phrase,w_length_multiline,w_template_placeholder,w_few_shot_markers
0,77,46,1,57,11,84,22,64,52,41
1,62,32,17,72,97,34,96,64,11,55
2,48,15,75,68,83,64,62,87,79,70
3,93,92,77,40,58,7,53,96,80,97
4,20,53,17,74,48,3,35,85,82,7
5,71,30,96,72,22,23,2,98,78,44
6,8,71,27,84,61,23,71,84,69,84
7,87,60,84,85,23,97,13,87,46,99
8,73,88,32,28,20,60,67,88,84,75
9,42,46,31,90,63,41,69,8,53,11
10,41,31,98,64,22,52,2,88,100,42
11,74,96,83,60,94,71,89,58,46,69
12,37,19,90,6,20,92,67,43,33,94
13,65,1,64,83,26,58,42,79,2,26
14,97,36,76,7,94,25,53,88,67,72
15,9,36,8,69,17,50,0,15,42,30
16,40,15,95,33,37,35,4,81,22,69
17,89,85,14,14,56,59,86,20,33,98
18,34,20,79,0,47,13,38,68,42,63
19,13,44,45,40,100,46,70,7,88,56
20,4,83,86,50,70,80,45,68,6,10
21,9,16,17,65,37,76,18,83,72,77
22,47,1,9,65,45,86,32,23,57,71
23,13,39,94,73,88,77,14,75,80,84
24,86,37,97,53,48,49,75,48,36,16
25,49,66,92,54,28,69,95,26,93,95
26,44,25,63,7,39,72,99,37,88,40
27,45,92,67,33,87,6,11,63,21,40
28,72,1,15,70,65,87,83,17,27,19
29,56,72,59,48,59,4,88,14,5,22
30,79,83,75,22,33,67,10,15,86,4
31,86,31,2,7,21,77,16,37,45,64
32,71,36,1,100,54,71,35,62,24,35
33,21,16,75,89,20,96,47,52,1,18
34,33,61,6,61,5,26,52,59,26,91
35,38,87,59,76,76,86,90,16,6,3
36,67,20,90,68,66,65,69,39,27,54
37,99,90,13,48,50,33,3,49,35,99
38,77,82,98,95,99,42,98,5,70,29
39,34,36,51,38,94,98,62,21,98,5
40,23,90,97,27,71,30,55,38,87,87
41,60,40,70,0,69,38,76,89,22,57
42,4,24,31,24,53,74,62,70,57,0
43,52,56,75,46,87,69,56,72,60,96
44,10,72,88,34,78,69,25,7,47,53
45,32,12,34,35,45,94,23,67,1,55
46,85,72,73,92,3,51,99,44,9,2
47,8,78,86,91,90,38,70,93,70,35
48,58,0,10,23,39,4,39,42,90,13
49,47,23,45,30,56,51,68,47,13,8
50,35,48,97,93,57,97,66,54,15,26
51,24,85,26,13,75,7,37,25,51,13
52,28,83,50,70,22,75,6,79,94,11
53,12,23,36,28,91,69,12,73,83,19
54,79,82,16,52,88,39,67,54,35,50
55,32,32,59,56,96,97,74,56,71,13
56,27,24,71,33,90,81,11,37,21,60
57,0,91,1,70,20,37,51,53,29,42
58,27,81,77,59,5,39,25,84,7,66
59,15,79,87,9,40,80,55,68,34,79
60,63,83,41,88,56,44,43,19,26,18
61,80,33,100,25,3,79,75,48,99,82
62,77,23,41,50,72,44,31,94,63,60
63,28,64,63,14,11,26,60,73,30,41
64,41,46,86,10,73,34,88,8,15,69
65,100,69,55,58,27,63,42,35,59,36
66,27,10,10,30,68,79,36,19,56,34
67,82,22,13,37,53,88,28,7,18,34
68,79,23,3,47,36,1,30,43,84,64
69,77,51,25,1,1,93,57,69,92,93
70,85,27,52,36,72,5,80,74,94,31
71,59,90,93,69,46,82,8,60,57,93
72,17,84,11,17,42,12,64,44,52,46
73,66,36,4,49,95,73,20,47,46,99
74,16,94,56,76,89,62,80,13,57,55
75,37,81,36,44,70,67,35,88,65,24
76,78,53,51,36,91,82,84,42,87,81
77,58,63,64,91,33,87,76,81,69,70
78,78,8,24,90,23,58,90,66,100,8
79,74,19,72,16,9,8,94,90,27,95
80,99,15,49,93,61,58,37,6,62,34
81,40,51,8,36,44,40,23,29,82,91
82,26,60,63,49,29,17,84,1,100,75
83,69,76,39,33,76,60,9,74,85,77
84,18,1,53,82,35,76,16,78,64,33
85,80,100,31,97,91,18,36,61,31,25
86,91,57,85,5,39,27,52,7,55,38
87,23,50,84,21,45,77,44,78,56,27
88,49,65,2,92,21,98,96,74,84,56
89,20,2,64,31,12,70,17,91,52,28
90,48,83,63,52,99,81,42,88,56,58
91,97,20,78,46,51,64,66,95,70,10
92,41,98,3,93,72,57,28,55,22,88
93,93,1,95,66,84,3,88,43,39,82
94,82,76,45,74,96,57,76,69,41,81
95,2,26,51,12,9,63,44,40,25,4
96,100,17,76,12,34,61,44,50,91,17
97,92,50,62,72,45,23,57,41,85,8
98,57,90,58,9,58,47,69,19,33,79
99,12,44,89,86,5,15,0,97,3,46
100,69,79,32,83,13,30,33,4,79,47
101,77,42,72,13,74,71,18,37,46,45
102,74,20,53,79,11,88,81,85,98,67
103,51,62,44,31,13,19,76,5,39,68
104,32,46,79,12,43,16,76,20,70,45
105,51,90,16,80,70,97,51,4,4,9
106,93,75,15,39,15,52,97,70,8,30
107,41,53,73,0,63,49,11,18,84,27
108,41,92,11,68,30,16,92,48,71,76
109,57,53,66,2,49,52,27,27,24,0
110,10,34,52,8,30,86,64,56,72,86
111,8,94,55,42,70,42,84,93,39,93
112,11,77,19,46,22,76,91,55,54,97
113,90,77,32,2,49,46,77,10,16,29
114,9,7,48,53,58,22,35,98,30,84
115,52,57,42,58,8,25,15,92,54,1
116,7,17,72,75,8,31,81,94,78,9
117,29,33,62,47,84,79,14,95,1,55
118,14,74,75,40,84,64,47,38,53,84
119,96,45,58,79,77,37,97,68,67,10
120,18,100,99,20,31,42,85,12,52,82
121,12,88,75,86,94,60,50,98,81,30
122,98,53,45,60,75,23,55,9,62,52
123,34,56,68,47,51,61,9,52,50,9
124,100,47,24,51,0,66,39,28,44,57
125,5,52,41,14,58,12,14,30,79,89
126,1,57,57,95,81,74,95,1,98,16
127,36,42,19,47,69,29,36,24,100,4
128,17,35,83,25,45,51,50,12,86,81
129,78,61,4,70,59,60,20,90,31,17
130,71,38,3,50,13,4,79,51,7,98
131,41,18,94,48,22,31,14,3,72,91
132,60,23,24,85,78,85,95,35,98,88
133,69,4,23,42,92,4,61,12,99,5
134,26,84,46,77,13,66,91,13,3,70
135,97,17,100,52,29,56,9,100,3,20
136,9,1,45,59,5,49,16,13,98,28
137,3,97,13,71,95,73,97,13,40,31
138,77,73,96,48,64,53,69,89,89,38
139,66,94,29,17,18,73,50,13,91,17
140,42,14,79,23,36,40,11,94,7,58
141,13,58,58,93,12,22,34,80,16,38
142,20,17,55,72,27,65,14,0,17,36
143,47,97,8,71,76,81,7,4,68,24
144,27,61,86,69,14,61,28,81,8,21
145,5,6,1,19,48,84,16,34,3,36
146,13,39,13,92,43,86,51,74,22,99
147,87,12,67,62,24,81,38,39,68,46
148,49,54,43,56,79,4,65,91,9,94
149,30,5,33,2,22,100,37,11,94,91
150,48,8,70,32,4,79,44,78,40,7
151,0,68,61,98,54,37,4,100,66,90
152,78,69,17,73,23,54,30,10,24,93
153,60,85,89,0,81,92,41,80,16,77
154,83,63,8,10,71,16,5,10,1,3
155,64,90,51,61,58,1,21,60,92,76
156,4,44,66,68,34,38,6,58,9,73
157,79,42,26,0,100,71,14,87,89,74
158,85,56,22,78,25,78,72,16,25,2
159,9,48,9,46,4,45,73,86,93,32
160,89,54,30,50,52,96,47,93,42,98
161,23,67,31,28,18,86,61,95,29,62
162,99,10,23,33,26,5,61,0,52,97
163,26,52,49,64,7,89,52,72,34,87
164,53,26,36,91,51,57,6,39,52,43
165,50,23,17,41,37,20,54,48,74,97
166,85,0,3,80,21,3,26,39,79,33
167,91,39,44,3,100,65,77,61,2,86
168,54,24,17,54,73,20,43,26,76,63
169,69,50,46,30,67,73,65,44,20,25
170,97,28,63,56,29,76,32,74,13,30
171,1,84,35,14,69,68,71,55,21,33
172,100,80,57,29,20,15,25,56,27,17
173,54,56,56,36,38,44,52,56,69,22
174,3,45,19,2,91,44,41,1,59,46
175,5,87,21,5,34,14,53,62,0,21
176,45,11,92,96,33,81,77,14,73,90
177,66,9,60,26,84,66,26,69,47,34
178,80,9,14,98,62,29,50,64,36,7
179,52,11,76,89,29,71,76,50,28,72
180,30,54,69,42,91,55,52,30,7,20
181,100,57,38,33,21,15,91,33,88,56
182,6,10,27,64,8,4,52,56,20,67
183,70,64,98,28,60,68,26,10,39,46
184,23,61,1,68,36,82,15,73,68,39
185,1,18,35,29,65,96,5,80,40,0
186,19,35,11,96,15,9,12,97,77,86
187,21,98,14,50,38,98,5,46,3,81
188,61,28,35,67,33,37,59,57,96,6
189,33,74,2,55,59,81,24,42,23,73
190,28,11,63,98,5,21,65,3,98,60
191,28,86,82,0,50,52,11,41,63,33
192,83,90,82,24,43,43,92,99,52,21
193,9,37,39,36,25,19,68,34,28,3
194,55,66,81,2,19,37,37,11,94,60
195,16,19,19,34,53,25,38,0,21,13
196,28,25,100,59,71,31,24,94,37,15
197,13,44,42,59,61,84,50,77,23,30
198,57,82,23,54,8,52,0,3,32,20
199,9,47,53,32,72,2,62,84,5,72
200,21,8,76,71,16,56,96,66,97,77
201,80,43,79,63,100,35,77,36,56,3
202,97,24,8,80,0,3,27,44,2,84
203,26,28,47,53,67,7,44,8,88,42
204,47,22,14,36,24,53,91,5,88,28
205,19,61,99,85,48,45,91,54,19,38
206,85,63,84,40,46,97,20,64,51,47
207,86,60,54,23,90,32,94,64,24,61
208,85,70,71,50,31,68,42,39,77,20
209,98,54,89,63,58,22,64,94,20,89
210,73,44,11,88,21,4,29,26,40,14
211,16,96,90,3,23,82,31,80,31,98
212,0,49,95,85,6,27,95,59,78,92
213,67,2,3,25,14,72,13,14,65,63
214,67,7,6,14,78,57,15,44,78,34
215,3,83,37,74,27,43,21,68,21,81
216,38,80,80,1,68,21,29,94,16,71
217,90,30,85,32,49,4,89,15,99,51
218,0,24,39,19,94,36,5,5,60,78
219,36,1,22,42,41,92,40,69,37,13
220,60,33,36,88,5,44,32,36,88,67
221,37,30,86,88,74,42,43,94,90,34
222,96,22,87,4,46,26,31,38,57,84
223,43,24,91,2,22,53,70,43,59,33
224,37,55,33,23,57,75,15,62,45,66
225,0,39,95,41,68,1,38,93,92,81
226,92,0,8,64,10,11,34,65,37,19
227,50,56,22,35,40,81,92,36,94,97
228,58,17,84,100,57,43,78,2,71,47
229,24,75,60,59,30,2,5,5,40,66
230,57,88,21,69,33,1,38,38,94,10
231,69,59,53,66,87,8,74,75,37,14
232,55,81,66,15,77,80,57,5,76,57
233,50,67,79,50,5,44,37,7,69,60
234,75,50,27,16,0,3,50,40,35,65
235,8,13,98,81,0,67,11,31,76,16
236,25,84,29,40,0,41,95,74,72,80
237,86,46,25,73,37,42,16,31,58,28
238,47,29,28,60,91,29,95,86,31,5
239,20,99,28,91,93,18,75,76,61,60
240,85,32,79,84,97,100,32,2,7,85
241,28,29,25,49,80,11,1,81,88,86
242,80,80,34,17,3,86,32,45,57,53
243,67,93,38,16,78,60,7,39,42,71
244,30,40,71,52,42,84,69,70,90,86
245,88,66,17,78,29,62,47,21,22,59
246,92,21,40,40,29,60,92,13,27,13
247,44,35,81,34,83,74,58,40,8,87
248,100,42,56,53,83,32,54,41,22,92
249,45,74,4,84,74,6,94,39,79,100
250,50,82,15,71,76,17,90,80,88,100
251,36,40,73,20,73,5,65,8,55,31
252,99,2,18,20,45,37,98,22,63,86
253,70,15,72,17,58,37,31,92,81,25
254,79,80,43,86,1,36,42,42,97,5
255,73,60,10,100,78,72,96,55,99,83
256,83,61,48,59,62,35,56,49,66,21
257,46,5,5,64,47,35,25,36,9,65
258,15,53,35,8,40,69,56,38,83,55
259,25,24,34,17,57,93,99,14,15,29
260,84,49,64,16,64,56,16,63,27,65
261,33,83,71,82,27,26,42,36,7,18
262,49,1,51,21,65,99,56,21,13,76
263,73,77,33,1,67,7,65,39,42,48
264,4,66,5,27,53,65,88,53,29,77
265,83,82,48,87,60,52,55,41,2,44
266,71,64,21,47,92,26,44,68,61,38
267,89,31,76,47,58,81,1,23,89,78
268,0,62,97,9,65,70,79,1,92,21
269,100,40,7,55,59,80,32,0,64,65
270,68,6,3,99,61,3,59,56,4,21
271,56,58,51,37,30,63,42,15,74,79
272,20,15,24,21,62,64,0,13,52,36
273,34,93,98,53,41,72,2,35,50,40
274,38,46,16,61,56,87,5,50,32,51
275,44,86,32,26,57,40,61,39,99,20
276,66,62,36,28,27,87,15,7,67,9
277,27,62,85,37,58,1,91,20,36,81
278,36,61,1,79,10,46,16,94,47,77
279,63,89,94,50,97,87,66,47,97,52
280,82,23,45,37,50,64,51,82,51,99
281,30,4,81,47,49,53,48,5,3,92
282,79,47,89,21,61,12,93,5,93,100
283,11,48,46,8,52,97,73,76,16,36
284,56,61,31,78,15,77,14,99,84,85
285,22,9,0,76,45,55,23,80,89,67
286,80,87,76,28,32,13,65,49,37,78
287,5,49,70,36,17,91,50,43,55,90
288,60,20,43,56,2,68,71,34,53,27
289,21,47,12,28,88,74,93,72,23,48
290,26,64,91,25,35,66,22,49,68,85
291,81,23,93,40,70,79,2,39,6,35
292,38,3,33,35,94,0,61,1,64,70
293,55,13,28,84,96,79,41,89,34,66
294,47,68,37,58,88,0,9,9,94,27
295,53,9,53,37,11,37,61,92,70,19
296,58,15,44,48,34,100,53,22,54,12
297,28,60,39,44,5,44,17,45,91,51
298,58,15,2,67,47,20,42,54,47,45
299,12,53,61,87,12,90,93,41,36,63
300,39,55,75,48,88,81,66,54,42,11
301,39,0,99,11,16,10,12,15,41,72
302,46,86,71,91,75,94,65,30,84,46
303,79,1,20,1,75,23,70,75,65,32
304,79,97,70,91,30,91,55,57,13,51
305,4,74,74,9,46,71,52,43,87,30
306,66,20,8,55,91,33,22,23,7,97
307,4,7,89,31,90,64,29,36,49,64
308,59,39,91,87,87,99,65,65,24,40
309,45,92,30,94,49,99,12,25,24,54
310,86,72,97,7,65,38,54,41,9,98
311,34,40,70,100,19,89,88,69,60,97
312,5,2,87,18,72,59,69,82,61,40
313,25,99,76,28,41,26,28,91,63,38
314,13,35,75,18,40,99,59,42,32,46
315,83,11,34,88,99,73,60,34,64,78
316,11,100,35,37,2,98,75,65,26,15
317,75,26,56,1,61,87,88,25,92,62
318,2,87,15,80,13,21,0,98,13,40
319,72,6,46,62,68,25,28,29,87,41
320,43,0,64,80,47,58,54,24,39,83
321,51,50,30,83,64,9,12,19,87,42
322,67,79,3,14,79,16,22,64,98,40
323,11,80,95,39,66,46,95,55,19,17
324,73,30,15,74,93,60,92,65,100,68
325,47,59,34,74,54,60,72,65,50,23
326,66,93,13,22,48,85,73,91,27,33
327,28,59,18,94,70,31,47,4,40,30
328,93,36,52,19,0,66,25,8,1,59
329,37,84,36,51,38,18,86,93,100,66
330,52,70,64,93,30,31,100,81,28,79
331,98,6,92,4,91,87,77,76,59,90
332,96,3,53,32,51,77,100,21,80,0
333,51,21,29,93,75,78,1,17,13,93
334,91,26,53,70,45,47,64,79,47,79
335,67,83,47,94,28,85,0,61,84,51
336,56,73,17,41,97,28,59,54,21,70
337,43,35,78,79,27,6,4,69,45,82
338,73,20,78,84,48,86,84,75,45,13
339,23,30,75,26,36,43,81,11,0,34
340,24,15,99,87,71,13,16,47,30,45
341,33,37,20,16,3,67,40,24,62,89
342,76,46,89,95,14,94,100,15,36,13
343,93,89,25,47,18,39,79,0,16,61
344,15,26,35,100,1,68,19,77,97,53
345,22,10,3,40,87,69,20,77,29,69
346,47,21,81,85,30,20,77,70,47,35
347,25,87,0,52,100,41,8,55,13,30
348,4,47,80,12,85,1,27,97,97,51
349,39,94,54,25,11,5,27,49,85,68
350,77,15,58,92,93,7,64,45,11,42
351,75,71,71,46,7,46,46,47,27,50
352,43,34,57,42,95,96,10,49,89,27
353,53,97,56,97,29,18,62,5,27,6
354,7,63,84,8,86,64,94,91,0,69
355,90,76,88,80,61,37,37,7,34,2
356,17,5,76,59,40,45,72,13,93,21
357,92,13,71,67,40,90,23,14,56,56
358,82,64,22,53,92,33,76,25,83,94
359,73,69,4,11,25,43,58,29,62,95
360,16,80,99,53,16,86,37,8,12,2
361,43,58,9,14,76,71,89,1,97,28
362,55,47,54,40,12,41,56,2,64,20
363,15,67,83,51,90,83,74,81,36,64
364,73,61,95,45,74,87,63,42,72,85
365,13,64,7,10,25,54,47,50,75,65
366,97,8,31,4,30,54,51,91,53,59
367,72,78,80,67,92,72,32,93,67,12
368,7,10,4,69,75,25,23,34,39,52
369,42,12,8,22,26,59,57,89,100,80
370,1,75,33,57,36,60,39,80,29,91
371,60,14,65,82,29,42,66,53,59,68
372,24,81,11,9,20,32,31,16,67,49
373,59,49,36,71,11,19,36,40,69,55
374,23,29,88,86,80,25,78,34,11,44
375,85,34,72,45,71,96,21,27,62,45
376,49,41,21,3,57,56,15,83,52,10
377,30,11,24,62,7,12,80,69,76,13
378,91,93,77,13,4,66,7,61,25,57
379,80,68,10,92,54,20,73,15,82,83
380,7,90,37,25,13,59,14,44,49,48
381,30,40,32,59,75,77,31,21,18,31
382,23,78,75,41,25,60,62,12,49,75
383,74,0,25,58,11,24,57,29,95,63
384,41,93,49,46,100,62,78,45,39,71
385,68,16,28,26,75,73,76,70,49,39
386,99,2,35,49,66,71,54,87,44,1
387,64,26,98,81,5,67,21,34,13,88
388,36,42,59,57,0,53,76,35,79,100
389,91,93,46,30,47,90,58,40,13,1
390,58,1,81,99,47,11,66,40,77,64
391,19,39,45,0,95,94,59,74,95,91
392,16,44,59,98,97,9,98,81,33,21
393,32,37,64,34,18,82,42,62,68,98
394,21,36,77,41,52,62,41,0,65,49
395,48,65,95,63,7,63,93,87,0,58
396,12,19,48,64,68,44,92,77,81,40
397,38,60,32,77,75,25,83,67,7,68
398,92,64,12,95,64,96,62,95,9,38
399,37,51,69,33,71,7,78,77,26,42
400,57,90,23,19,25,70,88,14,30,21
401,9,33,37,56,87,66,18,89,16,21
402,17,24,59,52,61,85,51,15,6,83
403,45,26,36,31,13,16,66,31,91,43
404,84,86,52,83,61,2,71,49,44,33
405,86,10,74,67,46,90,36,12,32,58
406,23,13,62,69,60,80,0,82,8,46
407,9,47,29,32,90,23,16,2,91,67
408,19,75,33,39,98,2,22,20,73,87
409,75,56,75,90,4,41,86,87,96,6
410,60,84,99,70,45,7,67,74,28,65
411,58,35,12,94,72,59,69,21,99,72
412,57,56,47,87,94,23,18,32,9,51
413,27,63,73,10,37,23,23,8,50,10
414,84,81,16,95,82,4,20,40,61,98
415,63,0,80,39,86,71,4,73,91,72
416,87,58,56,90,59,99,16,81,65,59
417,97,82,23,35,34,72,72,42,69,82
418,63,63,72,69,57,5,79,93,40,89
419,75,20,67,72,47,60,6,69,16,73
420,10,51,44,38,59,65,27,99,13,80
421,15,24,53,57,84,25,25,57,3,83
422,32,56,49,37,84,73,9,20,44,51
423,63,1,7,74,71,65,31,15,56,62
424,32,55,83,75,49,6,18,60,2,96
425,98,97,43,55,82,23,77,41,14,94
426,73,42,94,57,93,64,24,13,4,99
427,86,76,65,59,3,39,17,57,47,19
428,20,16,37,63,47,24,95,74,91,11
429,83,14,7,14,17,41,89,100,64,92
430,64,21,82,10,48,87,62,71,52,74
431,76,91,25,100,13,59,37,80,65,3
432,17,91,99,50,68,64,32,82,21,92
433,94,73,82,5,13,99,66,98,12,42
434,100,66,44,12,40,0,61,45,93,18
435,58,76,71,6,69,64,46,64,11,77
436,21,17,22,55,30,0,78,12,57,53
437,21,98,38,42,82,87,8,81,82,56
438,86,10,44,60,46,83,31,12,82,74
439,1,0,6,32,20,72,60,16,59,48
440,89,63,15,13,39,91,41,39,20,89
441,2,49,71,72,19,30,87,76,79,94
442,29,64,40,1,41,60,27,55,64,97
443,58,18,0,17,66,31,85,64,63,54
444,4,15,5,27,24,62,4,90,17,49
445,71,68,5,25,66,52,17,58,31,96
446,52,98,64,7,12,68,5,91,7,53
447,67,47,39,73,38,62,27,15,76,84
448,61,100,50,32,37,51,46,34,33,5
449,79,3,38,25,4,9,82,93,71,10
450,75,81,63,9,18,14,58,37,46,43
451,47,6,15,42,93,76,60,69,63,35
452,78,5,94,2,25,17,98,61,74,23
453,94,33,8,99,84,26,99,16,70,79
454,29,51,90,33,3,72,15,33,41,56
455,69,31,53,74,12,58,100,52,92,75
456,11,54,40,63,74,57,72,64,10,59
457,73,82,42,46,16,60,52,1,6,38
458,77,85,45,69,23,87,20,69,52,15
459,24,53,1,90,60,0,9,67,62,81
460,66,31,61,77,37,78,100,47,5,86
461,0,72,16,30,22,36,27,31,85,100
462,22,1,66,29,19,57,44,0,86,83
463,98,59,62,100,54,38,67,65,98,61
464,95,4,62,33,29,43,87,17,41,3
465,84,68,76,36,22,32,98,49,15,63
466,9,42,27,24,62,0,12,95,96,100
467,3,90,29,16,7,80,8,89,87,47
468,24,56,37,14,6,29,85,22,79,18
469,53,7,93,45,15,85,54,46,16,76
470,3,83,91,69,71,31,98,89,23,39
471,0,97,75,60,37,32,81,24,13,61
472,75,63,45,66,93,15,66,72,9,63
473,93,6,24,40,83,67,45,23,83,93
474,67,62,90,0,71,57,99,59,1,90
475,46,64,38,100,12,14,86,72,69,82
476,40,48,60,45,93,4,6,33,36,52
477,82,43,25,47,16,64,80,41,89,85
478,71,39,6,88,81,27,3,30,80,34
479,68,21,47,5,85,35,31,91,67,8
480,40,83,17,75,27,33,64,4,84,65
481,33,81,89,34,66,42,50,66,90,59
482,44,74,11,28,94,11,96,12,11,37
483,60,56,95,66,77,55,78,47,20,46
484,100,59,88,64,22,62,72,50,44,52
485,38,52,71,56,71,0,19,73,30,13
486,50,33,92,0,76,35,46,5,99,43
487,4,99,98,36,54,19,36,45,11,4
488,65,100,65,24,64,18,87,73,20,16
489,77,68,23,14,18,1,42,92,68,27
490,38,93,4,1,48,83,30,40,19,18
491,60,38,97,78,74,51,66,85,5,54
492,88,89,95,41,50,33,46,50,33,23
493,70,77,7,87,99,36,11,19,52,98
494,87,85,69,45,68,32,0,47,21,9
495,96,15,52,66,40,56,74,68,59,1
496,9,59,93,88,46,61,4,95,45,6
497,76,56,18,95,71,1,62,47,76,2
498,93,15,23,63,79,93,90,53,63,47
499,14,81,52,22,13,92,38,52,66,66
500,21,70,15,58,81,78,85,60,89,31
501,96,29,8,21,91,72,15,7,0,38
502,14,78,34,74,86,72,3,2,27,33
503,72,23,62,4,0,20,54,78,34,37
504,34,0,21,71,45,58,98,81,25,79
505,38,86,23,91,22,94,5,73,49,74
506,56,1,90,90,4,18,31,44,86,42
507,10,69,80,3,86,78,55,11,18,45
508,74,21,55,68,96,35,90,48,38,62
509,33,72,98,41,39,64,85,13,33,34
510,4,97,99,84,59,26,96,33,30,77
511,58,68,31,33,69,62,18,79,72,2
512,6,35,55,6,80,96,61,90,5,3
513,27,84,35,60,38,62,71,19,8,14
514,93,0,20,16,27,3,36,93,8,21
515,33,46,88,90,44,70,85,54,78,93
516,65,87,8,56,50,50,28,49,99,75
517,41,23,31,98,99,47,23,52,97,25
518,71,26,80,45,42,87,82,64,19,66
519,62,95,4,17,32,75,24,20,83,22
520,30,31,54,28,49,50,67,42,3,38
521,18,57,95,34,86,8,73,15,60,47
522,0,89,51,94,3,91,28,82,62,25
523,87,54,46,91,90,37,19,93,66,49
524,35,95,1,16,30,90,42,72,60,31
525,6,18,13,23,87,45,65,25,79,81
526,32,31,13,65,44,67,98,48,8,51
527,0,90,4,75,76,66,42,93,85,83
528,85,84,50,0,29,40,83,34,70,42
529,83,25,68,12,36,11,44,11,49,54
530,73,2,15,80,18,84,10,37,48,84
531,65,4,77,68,8,28,57,10,20,80
532,16,29,98,79,62,92,90,87,60,9
533,48,56,9,86,11,76,30,45,48,36
534,90,1,80,16,87,64,39,68,10,55
535,92,81,40,96,78,66,1,72,0,88
536,95,32,77,13,67,6,96,36,14,76
537,22,36,2,29,51,27,18,31,91,34
538,51,33,34,58,17,34,54,64,97,51
539,58,47,64,97,18,9,71,37,21,35
540,90,78,25,87,58,58,84,77,40,89
541,20,94,42,49,24,92,63,81,57,20
542,39,50,81,8,56,68,11,9,16,53
543,69,25,43,2,77,95,28,4,61,19
544,2,41,17,18,2,88,33,27,8,70
545,40,54,86,46,5,53,37,50,48,59
546,49,88,46,10,44,38,24,39,43,11
547,41,0,68,99,82,47,86,44,24,49
548,21,54,35,66,21,14,86,40,3,63
549,66,21,78,94,11,72,2,99,3,57
550,80,29,2,77,16,20,0,86,52,78
551,65,65,91,87,33,89,58,71,53,90
552,66,47,77,91,54,42,66,65,96,7
553,87,31,15,100,56,11,39,76,46,80
554,16,61,98,34,82,59,70,45,10,19
555,16,82,39,41,17,53,10,20,36,71
556,4,89,31,59,98,65,0,34,58,92
557,84,0,51,21,2,88,62,76,89,85
558,63,100,13,96,41,84,21,17,58,37
559,81,94,32,99,26,53,56,86,95,37
560,33,0,1,29,76,22,84,95,24,61
561,38,23,87,14,54,4,87,78,26,45
562,34,10,0,81,8,64,54,2,16,13
563,59,67,44,5,26,56,91,5,38,36
564,2,17,31,88,61,62,41,47,12,73
565,55,65,95,83,91,30,11,64,79,64
566,84,75,17,33,57,93,25,0,50,31
567,70,53,14,55,78,97,96,75,96,50
568,18,48,63,27,50,97,25,50,73,83
569,10,71,33,51,11,39,54,32,46,29
570,33,25,24,41,72,37,67,8,58,99
571,45,85,16,43,49,42,1,64,16,94
572,85,15,11,96,28,82,76,85,20,99
573,1,24,86,90,52,87,9,26,26,50
574,5,46,82,86,67,97,60,92,23,59
575,0,72,76,93,12,85,80,18,25,84
576,45,72,58,44,98,80,9,57,77,63
577,38,37,75,72,35,94,49,55,41,3
578,33,20,64,75,6,62,33,65,81,94
579,92,69,50,63,48,80,0,35,16,43
580,42,8,13,78,60,72,56,72,75,47
581,45,56,98,91,1,53,11,74,47,53
582,57,68,87,21,98,18,46,37,96,9
583,96,6,45,86,57,0,78,70,91,69
584,34,26,41,34,37,2,66,62,52,0
585,39,16,6,94,16,63,14,39,98,50
586,67,45,45,31,19,96,74,30,39,25
587,10,10,10,0,3,61,57,14,41,18
588,78,72,85,28,42,91,43,96,24,53
589,61,49,52,23,86,92,44,88,83,13
590,25,67,100,34,79,54,55,36,52,70
591,30,37,74,15,39,29,30,74,12,39
592,30,49,95,72,60,99,45,68,94,96
593,8,87,87,60,96,15,73,72,81,36
594,70,13,80,32,55,21,59,82,77,5
595,81,47,100,21,42,13,41,18,8,34
596,66,89,46,10,23,88,4,0,23,58
597,13,46,80,26,48,0,7,55,88,67
598,24,49,49,38,0,85,88,95,37,61
599,91,88,49,65,89,65,27,84,25,71
600,71,64,38,41,85,17,60,9,86,57
601,39,74,69,37,61,37,57,87,37,51
602,3,61,66,40,22,23,39,29,25,56
603,55,30,36,73,94,99,51,32,1,78
604,99,45,41,27,26,96,98,7,97,31
605,59,58,88,45,61,16,57,64,84,5
606,90,70,61,34,92,14,91,49,69,9
607,70,93,8,37,58,9,32,49,27,44
608,76,16,81,68,30,89,58,42,96,31
609,33,13,1,24,25,13,60,86,54,6
610,17,19,45,50,97,65,85,17,26,10
611,22,51,48,99,61,94,73,88,85,79
612,41,47,52,94,55,47,57,8,44,26
613,23,97,88,58,14,84,16,43,27,46
614,69,18,76,40,13,2,8,40,16,54
615,76,1,9,0,66,75,17,1,65,77
616,33,47,74,1,46,69,3,21,8,50
617,32,60,14,37,43,52,37,62,8,78
618,27,14,22,15,83,49,26,53,40,11
619,43,2,51,43,49,73,27,91,74,6
620,26,75,13,51,93,28,97,44,91,91
621,7,28,22,3,25,8,61,9,46,38
622,95,68,89,14,76,50,95,26,98,0
623,14,16,24,67,22,84,44,17,8,83
624,60,58,14,69,64,92,43,73,45,13
625,80,55,25,72,79,15,39,41,89,61
626,47,8,93,12,29,53,94,88,46,44
627,58,31,35,88,33,70,90,13,71,28
628,43,97,39,73,88,58,59,83,25,50
629,92,45,73,86,66,45,63,99,74,50
630,34,18,98,90,17,67,47,46,55,9
631,84,52,14,21,36,48,74,21,29,22
632,6,44,71,14,57,21,54,22,35,91
633,3,43,58,19,78,62,94,83,26,18
634,45,20,75,100,97,75,42,38,1,53
635,38,6,53,54,50,54,83,81,16,78
636,36,51,59,63,40,87,17,75,61,55
637,54,3,55,6,0,18,34,52,87,66
638,59,73,37,95,3,54,38,44,10,92
639,94,8,10,35,6,40,97,53,46,34
640,27,14,33,11,98,2,71,50,69,60
641,49,88,83,36,97,57,42,75,55,82
642,56,27,10,29,71,58,16,5,74,96
643,99,79,14,40,46,2,59,88,35,71
644,60,21,58,53,87,72,97,37,61,69
645,58,84,80,80,93,45,27,75,82,1
646,81,43,59,96,74,80,92,31,50,14
647,13,45,94,74,41,62,96,63,84,84
648,28,6,82,71,71,78,62,19,91,20
649,63,23,55,1,2,5,41,78,95,63
650,84,50,87,20,36,75,85,62,97,38
651,98,89,37,50,4,44,73,88,82,2
652,63,35,57,86,86,32,60,56,9,48
653,20,10,24,50,30,87,30,27,54,44
654,86,51,98,47,92,47,2,2,76,5
655,82,94,32,8,27,89,31,36,73,1
656,36,30,53,34,54,71,69,49,9,78
657,70,47,68,60,99,63,72,27,92,20
658,59,8,91,32,55,2,79,40,100,78
659,36,50,21,65,14,9,29,36,18,20
660,30,26,66,29,78,14,36,49,55,59
661,42,72,73,32,45,35,74,18,22,48
662,34,29,33,1,73,60,78,20,22,72
663,56,31,0,18,91,59,71,46,89,19
664,62,37,1,97,38,14,30,6,7,55
665,96,4,45,14,59,1,6,74,68,27
666,2,34,21,85,5,68,55,30,51,15
667,10,86,88,35,90,46,25,59,88,78
668,91,54,24,96,12,74,89,92,99,8
669,28,84,44,43,65,42,96,88,28,54
670,4,6,98,80,80,90,19,6,29,89
671,9,20,22,81,44,82,88,27,89,40
672,56,18,39,6,8,44,7,62,52,23
673,56,4,40,64,60,89,100,87,88,80
674,33,52,5,84,21,33,76,23,6,50
675,58,41,86,20,58,32,49,42,60,14
676,9,31,77,92,56,18,47,64,62,37
677,50,59,1,51,59,11,88,81,92,42
678,59,84,88,60,11,36,24,17,21,34
679,3,41,94,23,87,45,55,27,28,89
680,82,59,1,12,43,49,96,93,23,45
681,36,97,76,56,65,92,52,89,18,18
682,78,83,30,28,54,1,54,18,24,82
683,1,89,43,73,55,79,40,39,98,54
684,66,62,57,70,5,59,20,25,26,95
685,20,44,18,30,56,75,65,31,14,33
686,21,49,85,44,4,73,25,65,66,89
687,35,3,34,43,85,37,65,34,9,34
688,67,57,47,17,71,63,49,63,67,86
689,74,8,50,81,88,18,73,21,45,51
690,57,5,53,96,24,77,61,34,23,99
691,65,91,76,3,27,75,71,38,50,96
692,90,85,52,20,41,87,50,14,74,5
693,62,55,53,91,94,68,51,11,29,26
694,43,48,43,27,40,62,62,64,81,26
695,61,82,78,62,41,36,41,63,14,20
696,66,63,84,72,54,64,66,80,43,45
697,79,11,7,4,81,70,10,75,91,15
698,21,65,48,66,55,70,2,63,74,44
699,11,27,25,39,77,24,45,23,75,46
700,62,92,61,20,95,4,93,4,18,86
701,99,6,53,54,3,49,30,84,96,79
702,76,97,85,91,3,35,48,79,1,32
703,88,41,79,99,88,67,49,83,84,41
704,3,94,94,41,60,96,58,9,66,5
705,13,73,90,67,67,65,68,8,76,83
706,78,61,45,31,48,58,76,86,53,49
707,73,18,37,80,71,32,57,88,60,16
708,27,25,88,55,47,49,30,7,60,67
709,71,40,15,98,74,14,15,40,12,52
710,5,39,48,28,87,12,69,22,4,61
711,58,99,3,17,33,9,83,6,50,55
712,50,97,18,54,38,72,5,10,38,5
713,70,91,89,73,46,27,100,98,100,26
714,80,57,9,27,32,77,53,14,94,27
715,13,16,2,57,97,11,21,0,81,32
716,40,7,7,82,54,65,9,60,45,95
717,42,74,57,50,82,27,90,87,23,54
718,47,91,15,32,57,15,48,27,53,76
719,44,11,32,16,67,47,50,53,35,91
720,86,38,98,53,7,1,44,100,99,88
721,23,83,46,5,65,77,51,74,94,7
722,42,69,19,71,92,5,27,12,5,59
723,84,70,13,18,24,67,84,47,95,34
724,90,83,82,72,39,2,8,80,17,91
725,98,21,29,58,81,89,56,71,30,34
726,24,58,57,87,20,28,75,67,82,82
727,65,86,36,17,73,70,60,71,21,44
728,75,34,67,10,9,78,95,10,82,94
729,3,57,29,100,97,43,5,41,17,58
730,21,87,32,48,47,69,8,2,45,87
731,54,77,55,21,17,40,65,82,10,14
732,96,93,4,8,54,67,16,30,18,23
733,31,65,56,28,14,63,28,11,77,23
734,99,37,11,98,58,67,12,67,30,35
735,67,46,29,5,3,44,6,21,67,70
736,18,58,14,53,59,54,39,73,69,25
737,54,24,77,80,75,65,62,65,89,29
738,17,77,26,40,20,56,9,75,86,70
739,74,0,76,34,64,2,70,94,92,42
740,73,36,56,7,50,4,35,36,22,33
741,76,62,97,97,13,63,18,72,66,36
742,34,84,25,36,32,20,20,64,85,28
743,14,65,89,36,54,61,90,77,90,62
744,55,46,53,66,40,95,52,56,22,29
745,63,8,8,33,53,100,70,12,33,32
746,25,2,19,59,2,84,59,60,12,15
747,65,83,84,53,94,81,85,84,12,47
748,82,38,38,98,36,48,95,22,91,97
749,38,81,97,56,36,46,35,19,36,14
750,79,57,92,82,61,0,19,21,47,19
751,53,65,17,37,7,89,33,39,11,97
752,25,93,22,97,96,59,70,78,45,100
753,88,53,77,26,35,5,100,15,50,97
754,38,88,75,18,75,25,71,41,96,54
755,79,95,93,71,75,71,21,83,98,43
756,31,89,12,73,53,59,19,26,35,7
757,22,89,73,7,63,90,49,73,86,26
758,73,43,43,32,91,99,46,55,14,24
759,7,79,71,17,99,45,59,0,16,73
760,42,52,22,35,52,28,82,92,77,100
761,23,55,51,15,95,60,53,50,15,68
762,33,83,48,13,86,51,21,65,77,13
763,45,69,91,50,10,52,71,94,44,97
764,61,31,81,9,100,36,85,49,45,33
765,53,99,32,27,68,83,86,82,81,31
766,46,71,8,99,97,84,33,93,10,15
767,19,2,60,79,79,79,85,70,36,40
768,27,38,64,83,33,20,14,64,68,89
769,26,35,62,31,75,74,67,13,81,20
770,60,65,33,41,24,28,29,36,50,24
771,58,1,62,49,68,10,59,82,66,25
772,44,26,88,74,79,20,18,25,39,79
773,54,37,36,52,32,66,88,40,92,64
774,4,76,81,93,67,41,48,61,54,16
775,34,98,38,18,22,10,96,51,63,61
776,23,72,84,17,74,100,82,80,54,44
777,70,28,34,5,3,27,17,77,16,3
778,25,35,96,99,27,36,88,44,77,83
779,39,21,78,58,2,97,37,93,83,62
780,35,54,35,55,82,88,2,9,18,95
781,82,63,65,16,93,46,6,20,5,0
782,29,42,8,85,28,52,79,8,71,95
783,48,50,18,80,89,27,21,84,92,91
784,27,93,79,75,64,94,52,48,59,72
785,95,58,37,14,53,94,68,2,42,48
786,43,83,95,28,86,37,11,83,28,64
787,49,29,5,68,68,97,75,47,0,33
788,64,89,18,68,43,37,59,75,35,95
789,67,63,24,46,73,93,70,75,42,52
790,41,16,62,97,18,76,52,84,45,86
791,93,57,30,80,33,34,57,45,73,1
792,56,68,87,44,68,48,44,72,19,52
793,16,56,94,82,73,43,73,17,82,54
794,33,50,66,22,47,50,62,38,59,9
795,57,93,72,96,59,68,96,38,63,40
796,36,7,100,62,35,57,16,37,5,37
797,60,86,32,17,47,12,15,28,90,10
798,22,99,59,72,68,79,0,25,60,26
799,27,47,67,91,57,99,90,13,81,94
800,2,80,25,1,39,66,63,37,88,96
801,71,33,56,34,41,54,48,48,39,78
802,53,12,100,36,70,94,23,64,91,49
803,39,18,61,24,34,43,9,82,58,60
804,100,71,93,90,25,44,28,49,68,71
805,46,58,73,48,35,65,65,86,59,19
806,4,0,66,47,100,33,27,70,48,65
807,95,77,50,5,6,85,7,35,79,93
808,48,21,79,67,48,58,85,43,64,82
809,16,91,33,59,13,26,29,14,35,24
810,2,39,90,21,70,6,23,44,74,51
811,66,82,41,43,83,78,43,40,81,28
812,33,43,7,42,24,46,74,28,100,76
813,50,82,26,51,22,3,66,31,34,88
814,39,36,39,43,39,66,78,1,80,15
815,23,25,100,4,67,58,21,9,72,34
816,27,23,50,1,38,5,35,64,28,81
817,33,28,68,46,27,9,66,43,81,33
818,88,89,59,37,41,4,47,57,88,60
819,87,4,99,45,12,81,35,27,63,28
820,46,26,19,20,83,14,71,8,74,23
821,10,39,2,7,10,10,55,35,51,3
822,67,82,47,14,19,34,52,36,71,5
823,46,7,49,99,82,30,44,93,6,22
824,8,4,81,98,21,36,98,35,55,11
825,80,22,52,9,94,69,77,38,54,47
826,15,6,4,59,96,99,19,94,6,41
827,28,40,70,54,45,15,15,93,84,69
828,26,28,45,58,19,93,40,86,8,74
829,41,90,95,32,20,97,98,67,64,71
830,28,51,13,73,31,65,25,0,48,42
831,45,13,89,80,46,53,15,88,33,86
832,65,63,27,4,3,26,74,95,86,89
833,88,46,33,92,31,28,24,59,84,10
834,35,73,88,5,80,75,69,2,27,12
835,7,28,62,8,99,97,98,39,45,10
836,70,51,18,79,73,69,89,74,61,18
837,38,88,23,18,71,19,18,28,8,83
838,24,85,29,41,15,55,97,69,68,67
839,46,44,63,84,96,55,15,57,22,43
840,34,88,92,30,2,43,49,9,64,87
841,54,41,2,33,72,57,21,30,68,36
842,85,8,81,93,91,85,40,88,39,100
843,20,10,68,50,30,22,34,88,64,88
844,34,80,14,33,41,85,54,75,52,21
845,12,94,92,21,86,30,47,47,96,20
846,58,59,34,75,94,71,33,87,18,69
847,76,90,19,60,35,55,9,3,92,55
848,77,77,77,31,33,33,59,0,67,94
849,43,29,15,45,31,13,49,61,44,37
850,43,85,19,91,3,82,15,86,43,66
851,22,46,22,67,20,63,67,64,6,46
852,94,14,28,50,81,9,5,25,51,42
853,7,96,91,70,77,50,12,90,82,15
854,30,67,51,10,43,61,78,53,44,36
855,55,50,99,74,40,2,15,8,17,35
856,76,100,67,37,36,73,12,62,15,85
857,94,68,94,67,78,90,70,5,16,50
858,78,45,37,53,13,80,99,29,93,78
859,42,83,54,14,2,65,22,61,61,36
860,35,81,95,48,76,50,41,27,13,1
861,69,41,68,56,58,91,84,62,62,52
862,26,35,83,100,65,24,92,92,22,16
863,1,14,51,57,66,41,38,5,15,27
864,27,100,69,66,78,98,46,64,74,67
865,69,61,70,29,23,61,36,19,30,99
866,47,94,37,67,22,4,10,73,39,75
867,79,76,97,58,9,43,88,69,76,44
868,1,90,1,26,85,43,18,82,30,51
869,92,33,36,30,8,27,54,93,90,8
870,93,68,4,97,32,86,34,18,25,71
871,23,26,13,38,20,100,97,63,34,64
872,13,81,70,44,74,18,63,25,41,76
873,16,14,81,27,24,98,84,86,0,11
874,59,75,22,97,68,53,43,73,19,54
875,11,62,67,44,100,66,38,92,45,16
876,76,9,44,54,97,87,0,37,65,2
877,48,15,78,57,77,92,69,34,27,66
878,85,13,57,58,10,21,88,22,7,71
879,27,95,50,46,68,46,83,47,27,74
880,2,26,71,36,34,23,11,60,13,91
881,47,27,17,93,20,50,60,19,88,11
882,68,73,45,60,0,10,20,25,7,80
883,70,95,69,38,43,86,38,19,72,87
884,61,86,48,88,92,74,39,90,22,18
885,72,99,19,5,93,81,52,52,57,81
886,100,52,73,26,3,20,79,13,69,54
887,65,71,70,47,25,22,4,12,35,21
888,13,39,45,12,77,49,39,87,32,59
889,14,65,76,77,0,98,10,44,3,43
890,81,49,18,27,57,3,9,73,42,2
891,10,3,94,0,59,47,23,39,49,30
892,76,27,88,33,45,76,26,42,12,94
893,4,0,58,36,91,19,88,56,36,14
894,94,57,26,16,46,42,78,98,31,70
895,61,9,63,22,83,92,49,96,36,9
896,58,88,45,49,39,33,33,98,11,13
897,77,27,59,32,77,59,40,1,57,15
898,42,20,9,38,99,33,9,67,17,38
899,85,13,82,43,88,48,34,94,96,78
900,79,75,1,0,28,65,18,3,36,64
901,82,60,12,60,97,84,91,17,75,75
902,41,91,77,16,86,96,61,94,84,11
903,86,21,98,40,95,71,90,33,8,67
904,81,84,55,51,29,3,68,13,100,95
905,53,6,80,17,6,6,23,29,35,80
906,50,99,78,44,25,54,8,0,35,6
907,30,24,87,79,34,8,9,55,71,37
908,5,99,0,36,51,37,100,12,73,92
909,69,31,94,72,26,41,38,84,77,82
910,24,70,93,11,54,26,81,0,86,5
911,9,78,4,48,21,56,84,1,77,60
912,32,72,80,83,66,72,69,26,26,45
913,85,73,19,13,39,29,49,7,90,44
914,68,34,77,11,50,19,92,53,99,9
915,67,72,55,22,65,35,91,87,88,7
916,34,29,89,21,76,9,94,92,70,2
917,59,30,66,47,52,42,17,55,34,50
918,77,0,37,53,72,17,43,24,61,42
919,82,97,93,75,82,24,54,80,73,48
920,63,65,73,16,1,50,62,6,55,55
921,12,44,57,13,0,18,35,30,35,48
922,65,59,23,26,9,91,16,13,14,52
923,98,52,23,8,30,52,62,29,64,5
924,99,71,24,44,81,58,97,2,19,35
925,37,37,17,97,57,8,76,46,29,69
926,78,32,24,97,58,35,34,5,98,42
927,91,47,1,22,52,14,48,11,45,2
928,80,7,2,26,87,75,12,52,94,78
929,54,5,74,30,88,45,33,20,17,21
930,9,80,27,20,76,62,79,74,99,29
931,41,32,69,28,39,32,18,96,88,46
932,58,32,10,84,74,32,87,50,79,65
933,62,51,6,100,94,88,83,93,42,0
934,62,46,99,29,8,12,28,1,3,99
935,36,38,7,69,91,55,1,87,8,96
936,78,51,45,79,27,93,3,69,42,99
937,64,67,96,67,80,93,55,0,38,66
938,16,67,50,99,68,36,91,38,63,75
939,55,96,36,40,89,60,33,35,64,55
940,76,33,49,47,74,70,69,3,2,26
941,43,94,21,28,34,29,76,95,42,25
942,54,78,87,52,62,76,7,87,0,63
943,70,51,86,70,2,86,51,45,55,83
944,3,93,57,10,78,98,41,63,89,9
945,81,6,6,1,70,93,13,19,92,96
946,67,41,18,6,63,53,67,99,55,64
947,32,7,100,99,24,91,38,74,100,13
948,55,52,40,94,62,81,67,19,54,91
949,11,31,71,48,85,28,60,10,75,42
950,40,64,5,9,60,36,24,93,67,33
951,60,67,71,23,78,92,38,63,82,92
952,49,71,52,19,73,70,77,10,12,65
953,38,53,60,18,94,4,7,23,59,24
954,53,38,5,87,68,49,60,8,77,80
955,54,7,36,0,100,32,55,83,88,85
956,1,51,77,39,88,85,37,98,41,67
957,7,84,76,55,64,4,33,19,53,58
958,9,57,10,35,31,34,48,64,46,71
959,45,19,65,66,72,50,45,99,8,75
960,11,30,42,31,46,70,78,24,63,88
961,70,61,39,17,80,14,100,52,16,14
962,38,88,100,73,52,4,41,65,52,36
963,53,71,48,76,20,89,29,56,87,75
964,20,65,47,93,89,60,86,76,39,51
965,44,52,20,50,59,100,18,5,96,68
966,36,60,16,65,53,40,61,50,76,40
967,60,38,44,37,5,84,33,74,9,97
968,22,0,97,78,14,20,25,9,29,1
969,6,90,58,10,19,80,23,35,15,71
970,59,86,36,16,37,84,79,90,76,46
971,36,96,32,16,2,94,4,26,82,85
972,47,16,28,82,90,17,65,30,14,82
973,34,68,67,81,98,34,63,33,76,82
974,95,86,75,22,94,50,7,14,12,85
975,57,81,64,7,99,45,2,46,99,28
976,87,87,85,49,80,67,19,60,93,8
977,38,86,48,36,89,34,12,45,91,77
978,86,26,72,40,20,73,84,75,45,40
979,79,6,50,97,96,6,4,27,12,53
980,81,49,84,64,74,16,79,56,5,82
981,78,43,31,37,4,70,24,25,18,58
982,75,55,20,26,7,85,53,96,67,52
983,41,42,96,48,42,27,85,89,24,24
984,76,99,41,4,53,44,24,66,1,31
985,35,25,47,58,50,39,9,15,75,55
986,68,76,13,22,18,32,78,91,95,53
987,65,86,22,16,11,55,51,63,47,43
988,91,58,9,45,34,59,23,41,45,17
989,98,23,58,94,67,14,25,65,1,78
990,86,51,61,42,28,40,82,89,69,94
991,59,1,69,95,26,43,53,33,0,74
992,22,22,21,68,28,60,57,90,85,50
993,25,21,76,83,41,72,57,90,47,46
994,99,38,66,79,77,25,51,56,84,55
995,93,45,70,23,69,51,38,14,66,77
996,76,29,17,46,72,70,29,71,15,62
997,25,33,2,92,2,81,36,73,75,67
998,5,37,0,86,5,0,81,44,24,48
999,74,94,89,60,30,28,19,52,50,35
